"Count","File"
"746","C:\Users\lyf07\OneDrive\Documents\Github Projects\Tuolijang\tuolijang-english\config\api_menu_parents.php"
"361","C:\Users\lyf07\OneDrive\Documents\Github Projects\Tuolijang\tuolijang-english\app\Http\Service\Chat\ChatHistoryService.php"
"187","C:\Users\lyf07\OneDrive\Documents\Github Projects\Tuolijang\tuolijang-english\app\Constants\System\ConfigEnum.php"
"133","C:\Users\lyf07\OneDrive\Documents\Github Projects\Tuolijang\tuolijang-english\app\Http\Service\Assess\UserAssessService.php"
"123","C:\Users\lyf07\OneDrive\Documents\Github Projects\Tuolijang\tuolijang-english\app\Http\Service\Crud\SystemCrudService.php"
"110","C:\Users\lyf07\OneDrive\Documents\Github Projects\Tuolijang\tuolijang-english\database\seeders\v1.8\DataUpdateHandler.php"
"91","C:\Users\lyf07\OneDrive\Documents\Github Projects\Tuolijang\tuolijang-english\app\Http\Service\Config\SystemConfigService.php"
"78","C:\Users\lyf07\OneDrive\Documents\Github Projects\Tuolijang\tuolijang-english\app\Http\Service\Assess\AssessService.php"
"66","C:\Users\lyf07\OneDrive\Documents\Github Projects\Tuolijang\tuolijang-english\app\Http\Controller\AdminApi\Module\ModuleController.php"
"64","C:\Users\lyf07\OneDrive\Documents\Github Projects\Tuolijang\tuolijang-english\app\Http\Service\Admin\AdminService.php"
"63","C:\Users\lyf07\OneDrive\Documents\Github Projects\Tuolijang\tuolijang-english\app\Http\Service\Customer\InvoiceLogService.php"
"63","C:\Users\lyf07\OneDrive\Documents\Github Projects\Tuolijang\tuolijang-english\app\Http\Controller\Install.php"
"61","C:\Users\lyf07\OneDrive\Documents\Github Projects\Tuolijang\tuolijang-english\app\Http\Service\Attendance\AttendanceClockService.php"
"60","C:\Users\lyf07\OneDrive\Documents\Github Projects\Tuolijang\tuolijang-english\app\Http\Service\Program\ProgramTaskService.php"
"59","C:\Users\lyf07\OneDrive\Documents\Github Projects\Tuolijang\tuolijang-english\app\Http\Service\Crud\CrudModuleService.php"
"54","C:\Users\lyf07\OneDrive\Documents\Github Projects\Tuolijang\tuolijang-english\app\Http\Service\Open\OpenapiRuleService.php"
"53","C:\Users\lyf07\OneDrive\Documents\Github Projects\Tuolijang\tuolijang-english\app\Http\Service\Crud\SystemCrudEventService.php"
"49","C:\Users\lyf07\OneDrive\Documents\Github Projects\Tuolijang\tuolijang-english\app\Http\Service\Schedule\ScheduleService.php"
"49","C:\Users\lyf07\OneDrive\Documents\Github Projects\Tuolijang\tuolijang-english\app\Http\Service\Customer\CustomerService.php"
"45","C:\Users\lyf07\OneDrive\Documents\Github Projects\Tuolijang\tuolijang-english\app\Http\Service\User\UserScheduleService.php"
"45","C:\Users\lyf07\OneDrive\Documents\Github Projects\Tuolijang\tuolijang-english\app\Console\Commands\UpgradeCommand.php"
"44","C:\Users\lyf07\OneDrive\Documents\Github Projects\Tuolijang\tuolijang-english\database\migrations\v1.1\2023_06_05_104220_create_enterprise_user_card_table.php"
"43","C:\Users\lyf07\OneDrive\Documents\Github Projects\Tuolijang\tuolijang-english\app\Http\Service\Approve\ApproveApplyService.php"
"41","C:\Users\lyf07\OneDrive\Documents\Github Projects\Tuolijang\tuolijang-english\app\Http\Service\Config\CompanyConfigService.php"
"41","C:\Users\lyf07\OneDrive\Documents\Github Projects\Tuolijang\tuolijang-english\app\Http\Service\Customer\LabelService.php"
"41","C:\Users\lyf07\OneDrive\Documents\Github Projects\Tuolijang\tuolijang-english\app\Constants\CustomEnum\CustomerEnum.php"
"40","C:\Users\lyf07\OneDrive\Documents\Github Projects\Tuolijang\tuolijang-english\app\Http\Service\Customer\PaymentService.php"
"38","C:\Users\lyf07\OneDrive\Documents\Github Projects\Tuolijang\tuolijang-english\app\Http\Requests\enterprise\attendance\AttendanceGroupRequest.php"
"38","C:\Users\lyf07\OneDrive\Documents\Github Projects\Tuolijang\tuolijang-english\database\migrations\v1.7\2024_05_13_121935_create_admin_info_table.php"
"38","C:\Users\lyf07\OneDrive\Documents\Github Projects\Tuolijang\tuolijang-english\app\Http\Requests\user\UserRequest.php"
"38","C:\Users\lyf07\OneDrive\Documents\Github Projects\Tuolijang\tuolijang-english\app\Http\Requests\user\UserResumeRequest.php"
"37","C:\Users\lyf07\OneDrive\Documents\Github Projects\Tuolijang\tuolijang-english\app\Http\Service\Assess\AssessPlanService.php"
"37","C:\Users\lyf07\OneDrive\Documents\Github Projects\Tuolijang\tuolijang-english\app\Http\Service\Finance\BillService.php"
"36","C:\Users\lyf07\OneDrive\Documents\Github Projects\Tuolijang\tuolijang-english\database\migrations\v1.1\2023_06_05_104220_create_user_table.php"
"35","C:\Users\lyf07\OneDrive\Documents\Github Projects\Tuolijang\tuolijang-english\app\Http\Service\System\MenusService.php"
"35","C:\Users\lyf07\OneDrive\Documents\Github Projects\Tuolijang\tuolijang-english\database\migrations\v1.1\2023_06_05_104220_create_user_resume_table.php"
"34","C:\Users\lyf07\OneDrive\Documents\Github Projects\Tuolijang\tuolijang-english\app\Http\Service\Customer\OrderService.php"
"34","C:\Users\lyf07\OneDrive\Documents\Github Projects\Tuolijang\tuolijang-english\app\Http\Service\Customer\CustomerTrait.php"
"33","C:\Users\lyf07\OneDrive\Documents\Github Projects\Tuolijang\tuolijang-english\app\Console\Commands\ConvertToStandardJson.php"
"33","C:\Users\lyf07\OneDrive\Documents\Github Projects\Tuolijang\tuolijang-english\database\migrations\v1.1\2023_06_05_104220_create_enterprise_table.php"
"33","C:\Users\lyf07\OneDrive\Documents\Github Projects\Tuolijang\tuolijang-english\database\migrations\v1.1\2023_06_05_104220_create_client_invoice_table.php"
"32","C:\Users\lyf07\OneDrive\Documents\Github Projects\Tuolijang\tuolijang-english\app\Http\Service\Cloud\CloudFileService.php"
"32","C:\Users\lyf07\OneDrive\Documents\Github Projects\Tuolijang\tuolijang-english\app\Http\Service\Config\FormService.php"
"29","C:\Users\lyf07\OneDrive\Documents\Github Projects\Tuolijang\tuolijang-english\app\Http\Service\Crud\SystemCrudFieldService.php"
"28","C:\Users\lyf07\OneDrive\Documents\Github Projects\Tuolijang\tuolijang-english\app\Constants\CustomEnum\ClueEnum.php"
"28","C:\Users\lyf07\OneDrive\Documents\Github Projects\Tuolijang\tuolijang-english\config\mcp.php"
"27","C:\Users\lyf07\OneDrive\Documents\Github Projects\Tuolijang\tuolijang-english\database\migrations\v2.3\2025_12_16_172636_create_contract_doc_table.php"
"27","C:\Users\lyf07\OneDrive\Documents\Github Projects\Tuolijang\tuolijang-english\app\Http\Controller\AdminApi\Cloud\CloudFileController.php"
"27","C:\Users\lyf07\OneDrive\Documents\Github Projects\Tuolijang\tuolijang-english\app\Http\Controller\AdminApi\Module\CrudEventController.php"
"27","C:\Users\lyf07\OneDrive\Documents\Github Projects\Tuolijang\tuolijang-english\app\Http\Controller\AdminApi\Module\CrudFieldController.php"
"27","C:\Users\lyf07\OneDrive\Documents\Github Projects\Tuolijang\tuolijang-english\app\Http\Controller\AdminApi\CommonController.php"
"26","C:\Users\lyf07\OneDrive\Documents\Github Projects\Tuolijang\tuolijang-english\app\Constants\CustomEnum\OddsEnum.php"
"25","C:\Users\lyf07\OneDrive\Documents\Github Projects\Tuolijang\tuolijang-english\app\Http\Service\System\RolesService.php"
"25","C:\Users\lyf07\OneDrive\Documents\Github Projects\Tuolijang\tuolijang-english\app\Http\Controller\UniApi\Module\ModuleController.php"
"25","C:\Users\lyf07\OneDrive\Documents\Github Projects\Tuolijang\tuolijang-english\database\migrations\v1.1\2023_06_05_104220_create_user_assess_table.php"
"25","C:\Users\lyf07\OneDrive\Documents\Github Projects\Tuolijang\tuolijang-english\database\migrations\v1.5\2024_02_19_165149_create_system_crud_approve_process_table.php"
"25","C:\Users\lyf07\OneDrive\Documents\Github Projects\Tuolijang\tuolijang-english\app\Http\Controller\AdminApi\Module\CrudController.php"
"25","C:\Users\lyf07\OneDrive\Documents\Github Projects\Tuolijang\tuolijang-english\database\migrations\v1.1\2023_06_05_104220_create_assess_table.php"
"25","C:\Users\lyf07\OneDrive\Documents\Github Projects\Tuolijang\tuolijang-english\app\Http\Service\Chat\ChatApplicationsService.php"
"25","C:\Users\lyf07\OneDrive\Documents\Github Projects\Tuolijang\tuolijang-english\app\Http\Service\Customer\InvoiceService.php"
"25","C:\Users\lyf07\OneDrive\Documents\Github Projects\Tuolijang\tuolijang-english\app\Http\Service\Customer\FollowUpService.php"
"25","C:\Users\lyf07\OneDrive\Documents\Github Projects\Tuolijang\tuolijang-english\app\Http\Service\Company\CompanyService.php"
"25","C:\Users\lyf07\OneDrive\Documents\Github Projects\Tuolijang\tuolijang-english\app\Http\Service\Customer\ContractService.php"
"25","C:\Users\lyf07\OneDrive\Documents\Github Projects\Tuolijang\tuolijang-english\database\migrations\v1.1\2023_06_05_104220_create_approve_process_table.php"
"24","C:\Users\lyf07\OneDrive\Documents\Github Projects\Tuolijang\tuolijang-english\database\migrations\v1.5\2024_02_28_100607_create_system_crud_event_table.php"
"24","C:\Users\lyf07\OneDrive\Documents\Github Projects\Tuolijang\tuolijang-english\database\migrations\v2.1\2025_09_17_150617_create_work_member_table.php"
"23","C:\Users\lyf07\OneDrive\Documents\Github Projects\Tuolijang\tuolijang-english\database\migrations\v1.4\2023_11_27_100851_create_customer_table.php"
"23","C:\Users\lyf07\OneDrive\Documents\Github Projects\Tuolijang\tuolijang-english\app\Http\Service\Notepad\NotepadCateService.php"
"23","C:\Users\lyf07\OneDrive\Documents\Github Projects\Tuolijang\tuolijang-english\app\Http\Service\Attendance\AttendanceRemindService.php"
"23","C:\Users\lyf07\OneDrive\Documents\Github Projects\Tuolijang\tuolijang-english\app\Http\Service\Customer\LeadService.php"
"23","C:\Users\lyf07\OneDrive\Documents\Github Projects\Tuolijang\tuolijang-english\app\Http\Service\Frame\FrameService.php"
"22","C:\Users\lyf07\OneDrive\Documents\Github Projects\Tuolijang\tuolijang-english\database\migrations\v2.0\2025_02_27_173418_create_chat_applications_table.php"
"22","C:\Users\lyf07\OneDrive\Documents\Github Projects\Tuolijang\tuolijang-english\app\Constants\ProgramEnum\DynamicEnum.php"
"22","C:\Users\lyf07\OneDrive\Documents\Github Projects\Tuolijang\tuolijang-english\app\Http\Service\Notice\NoticeRecordService.php"
"22","C:\Users\lyf07\OneDrive\Documents\Github Projects\Tuolijang\tuolijang-english\app\Http\Service\User\UserMemorialCategoryService.php"
"21","C:\Users\lyf07\OneDrive\Documents\Github Projects\Tuolijang\tuolijang-english\app\Http\Service\Finance\BillCategoryService.php"
"21","C:\Users\lyf07\OneDrive\Documents\Github Projects\Tuolijang\tuolijang-english\app\Http\Controller\AdminApi\System\RoleController.php"
"21","C:\Users\lyf07\OneDrive\Documents\Github Projects\Tuolijang\tuolijang-english\database\migrations\v2.2\2025_12_01_101127_create_work_mass_messaging_table.php"
"21","C:\Users\lyf07\OneDrive\Documents\Github Projects\Tuolijang\tuolijang-english\app\Http\Dao\WorkExternalContact\WorkMassMessagingDao.php"
"21","C:\Users\lyf07\OneDrive\Documents\Github Projects\Tuolijang\tuolijang-english\app\Http\Service\Approve\ApproveAssistService.php"
"21","C:\Users\lyf07\OneDrive\Documents\Github Projects\Tuolijang\tuolijang-english\database\migrations\v1.1\2023_06_05_104220_create_assess_scheme_table.php"
"21","C:\Users\lyf07\OneDrive\Documents\Github Projects\Tuolijang\tuolijang-english\app\Console\Commands\SyncApiMenusCommand.php"
"20","C:\Users\lyf07\OneDrive\Documents\Github Projects\Tuolijang\tuolijang-english\app\Http\Service\ImportExport\CustomerImportService.php"
"20","C:\Users\lyf07\OneDrive\Documents\Github Projects\Tuolijang\tuolijang-english\app\Http\Requests\system\SystemStorageRequest.php"
"20","C:\Users\lyf07\OneDrive\Documents\Github Projects\Tuolijang\tuolijang-english\database\migrations\v1.5\2024_02_26_165638_create_system_crud_field_table.php"
"20","C:\Users\lyf07\OneDrive\Documents\Github Projects\Tuolijang\tuolijang-english\database\migrations\v2.1\2025_09_17_150616_alter_customer_table.php"
"20","C:\Users\lyf07\OneDrive\Documents\Github Projects\Tuolijang\tuolijang-english\app\Constants\CustomEnum\ContractEnum.php"
"20","C:\Users\lyf07\OneDrive\Documents\Github Projects\Tuolijang\tuolijang-english\app\Http\Dao\WorkExternalContact\WorkMediaDao.php"
"20","C:\Users\lyf07\OneDrive\Documents\Github Projects\Tuolijang\tuolijang-english\app\Http\Service\Finance\BillLogService.php"
"20","C:\Users\lyf07\OneDrive\Documents\Github Projects\Tuolijang\tuolijang-english\database\migrations\v1.1\2023_06_05_104220_create_folder_table.php"
"20","C:\Users\lyf07\OneDrive\Documents\Github Projects\Tuolijang\tuolijang-english\database\migrations\v1.1\2023_06_05_104220_create_system_menus_table.php"
"19","C:\Users\lyf07\OneDrive\Documents\Github Projects\Tuolijang\tuolijang-english\database\migrations\v1.7\2024_06_13_171432_update_apprve_table.php"
"19","C:\Users\lyf07\OneDrive\Documents\Github Projects\Tuolijang\tuolijang-english\app\Http\Requests\user\ScheduleRequest.php"
"19","C:\Users\lyf07\OneDrive\Documents\Github Projects\Tuolijang\tuolijang-english\app\Http\Service\System\SystemMenusService.php"
"19","C:\Users\lyf07\OneDrive\Documents\Github Projects\Tuolijang\tuolijang-english\database\migrations\v1.2\2023_08_17_164033_create_attendance_remind_table.php"
"19","C:\Users\lyf07\OneDrive\Documents\Github Projects\Tuolijang\tuolijang-english\app\Helpers\common.php"
"19","C:\Users\lyf07\OneDrive\Documents\Github Projects\Tuolijang\tuolijang-english\database\migrations\v1.1\2023_06_05_104220_create_enterprise_file_table.php"
"19","C:\Users\lyf07\OneDrive\Documents\Github Projects\Tuolijang\tuolijang-english\app\Http\Requests\Crud\SystemCrudEventRequest.php"
"19","C:\Users\lyf07\OneDrive\Documents\Github Projects\Tuolijang\tuolijang-english\database\migrations\v1.2\2023_06_28_103438_create_attendance_group_table.php"
"19","C:\Users\lyf07\OneDrive\Documents\Github Projects\Tuolijang\tuolijang-english\database\migrations\v1.1\2023_06_05_104220_create_client_bill_table.php"
"18","C:\Users\lyf07\OneDrive\Documents\Github Projects\Tuolijang\tuolijang-english\database\migrations\v1.1\2023_06_05_104220_create_system_config_table.php"
"18","C:\Users\lyf07\OneDrive\Documents\Github Projects\Tuolijang\tuolijang-english\database\migrations\v1.1\2023_06_05_104220_create_enterprise_message_notice_table.php"
"18","C:\Users\lyf07\OneDrive\Documents\Github Projects\Tuolijang\tuolijang-english\app\Http\Requests\Traits\DynamicFormValidate.php"
"18","C:\Users\lyf07\OneDrive\Documents\Github Projects\Tuolijang\tuolijang-english\database\migrations\v1.4\2023_11_21_120303_create_form_data_table.php"
"18","C:\Users\lyf07\OneDrive\Documents\Github Projects\Tuolijang\tuolijang-english\database\migrations\v1.2\2023_06_25_143721_create_hay_group_data_table.php"
"18","C:\Users\lyf07\OneDrive\Documents\Github Projects\Tuolijang\tuolijang-english\database\migrations\v1.1\2023_06_05_104220_create_user_schedule_table.php"
"18","C:\Users\lyf07\OneDrive\Documents\Github Projects\Tuolijang\tuolijang-english\database\migrations\v1.1\2023_06_05_104220_create_client_contract_table.php"
"18","C:\Users\lyf07\OneDrive\Documents\Github Projects\Tuolijang\tuolijang-english\app\Constants\PersonnelSensitiveFieldEnum.php"
"18","C:\Users\lyf07\OneDrive\Documents\Github Projects\Tuolijang\tuolijang-english\app\Http\Controller\AdminApi\Chat\ChatHistoryController.php"
"18","C:\Users\lyf07\OneDrive\Documents\Github Projects\Tuolijang\tuolijang-english\database\migrations\v2.2\2025_12_01_101127_create_work_media_table.php"
"18","C:\Users\lyf07\OneDrive\Documents\Github Projects\Tuolijang\tuolijang-english\app\Http\Controller\AdminApi\Config\SystemStorageController.php"
"17","C:\Users\lyf07\OneDrive\Documents\Github Projects\Tuolijang\tuolijang-english\database\migrations\v1.1\2023_06_05_104220_create_schedule_table.php"
"17","C:\Users\lyf07\OneDrive\Documents\Github Projects\Tuolijang\tuolijang-english\database\migrations\v1.2\2023_07_19_121542_create_attendance_statistics_table.php"
"17","C:\Users\lyf07\OneDrive\Documents\Github Projects\Tuolijang\tuolijang-english\database\migrations\v1.1\2023_06_05_104220_create_client_remind_table.php"
"17","C:\Users\lyf07\OneDrive\Documents\Github Projects\Tuolijang\tuolijang-english\app\Http\Requests\user\UserLoginRequest.php"
"17","C:\Users\lyf07\OneDrive\Documents\Github Projects\Tuolijang\tuolijang-english\database\migrations\v1.4\2023_12_11_174617_create_contract_table.php"
"17","C:\Users\lyf07\OneDrive\Documents\Github Projects\Tuolijang\tuolijang-english\app\Http\Requests\Customer\PaymentRequest.php"
"17","C:\Users\lyf07\OneDrive\Documents\Github Projects\Tuolijang\tuolijang-english\app\Http\Requests\enterprise\attendance\AttendanceShiftRequest.php"
"17","C:\Users\lyf07\OneDrive\Documents\Github Projects\Tuolijang\tuolijang-english\database\migrations\v1.1\2023_06_05_104220_create_client_list_table.php"
"17","C:\Users\lyf07\OneDrive\Documents\Github Projects\Tuolijang\tuolijang-english\app\Http\Requests\Customer\InvoiceRequest.php"
"17","C:\Users\lyf07\OneDrive\Documents\Github Projects\Tuolijang\tuolijang-english\database\migrations\v1.5\2024_03_11_163925_create_program_task_table.php"
"17","C:\Users\lyf07\OneDrive\Documents\Github Projects\Tuolijang\tuolijang-english\app\Http\Service\Program\ProgramService.php"
"17","C:\Users\lyf07\OneDrive\Documents\Github Projects\Tuolijang\tuolijang-english\app\Console\Commands\RebuildAttendanceLeaveStatistics.php"
"17","C:\Users\lyf07\OneDrive\Documents\Github Projects\Tuolijang\tuolijang-english\app\Console\Commands\FixAdminInfoLetter.php"
"17","C:\Users\lyf07\OneDrive\Documents\Github Projects\Tuolijang\tuolijang-english\app\Console\Commands\FixAdminRoles.php"
"16","C:\Users\lyf07\OneDrive\Documents\Github Projects\Tuolijang\tuolijang-english\database\migrations\v2.1\2025_09_17_150616_create_customer_clue_table.php"
"16","C:\Users\lyf07\OneDrive\Documents\Github Projects\Tuolijang\tuolijang-english\database\migrations\v1.7\2024_05_13_121858_create_admin_table.php"
"16","C:\Users\lyf07\OneDrive\Documents\Github Projects\Tuolijang\tuolijang-english\app\Http\Controller\UniApi\Schedule\ScheduleController.php"
"16","C:\Users\lyf07\OneDrive\Documents\Github Projects\Tuolijang\tuolijang-english\app\Http\Controller\AdminApi\Schedule\ScheduleController.php"
"16","C:\Users\lyf07\OneDrive\Documents\Github Projects\Tuolijang\tuolijang-english\database\migrations\v1.1\2023_06_05_104220_create_schedule_remind_table.php"
"16","C:\Users\lyf07\OneDrive\Documents\Github Projects\Tuolijang\tuolijang-english\app\Http\Service\WorkExternalContact\WorkReplyTempService.php"
"16","C:\Users\lyf07\OneDrive\Documents\Github Projects\Tuolijang\tuolijang-english\app\Http\Service\Attendance\AttendanceArrangeService.php"
"16","C:\Users\lyf07\OneDrive\Documents\Github Projects\Tuolijang\tuolijang-english\app\Http\Requests\system\SystemAdminRequest.php"
"16","C:\Users\lyf07\OneDrive\Documents\Github Projects\Tuolijang\tuolijang-english\app\Constants\System\CategoryEnum.php"
"15","C:\Users\lyf07\OneDrive\Documents\Github Projects\Tuolijang\tuolijang-english\database\migrations\v2.1\2025_09_17_150617_create_work_client_table.php"
"15","C:\Users\lyf07\OneDrive\Documents\Github Projects\Tuolijang\tuolijang-english\database\migrations\v1.1\2023_06_05_104220_create_storage_table.php"
"15","C:\Users\lyf07\OneDrive\Documents\Github Projects\Tuolijang\tuolijang-english\app\Http\Requests\enterprise\EnterpriseRequest.php"
"15","C:\Users\lyf07\OneDrive\Documents\Github Projects\Tuolijang\tuolijang-english\database\migrations\v1.1\2023_06_05_104220_create_system_attach_table.php"
"15","C:\Users\lyf07\OneDrive\Documents\Github Projects\Tuolijang\tuolijang-english\app\Http\Dao\WorkExternalContact\WorkMassMessagingTaskDao.php"
"15","C:\Users\lyf07\OneDrive\Documents\Github Projects\Tuolijang\tuolijang-english\database\migrations\v1.1\2023_06_05_104220_create_message_template_table.php"
"15","C:\Users\lyf07\OneDrive\Documents\Github Projects\Tuolijang\tuolijang-english\database\migrations\v1.1\2023_06_05_104220_create_enterprise_config_table.php"
"15","C:\Users\lyf07\OneDrive\Documents\Github Projects\Tuolijang\tuolijang-english\app\Mcp\Tools\Finance\FinanceListTool.php"
"15","C:\Users\lyf07\OneDrive\Documents\Github Projects\Tuolijang\tuolijang-english\app\Http\Controller\AdminApi\System\MenuController.php"
"15","C:\Users\lyf07\OneDrive\Documents\Github Projects\Tuolijang\tuolijang-english\app\Http\Requests\enterprise\assess\SchemeRequest.php"
"15","C:\Users\lyf07\OneDrive\Documents\Github Projects\Tuolijang\tuolijang-english\app\Mcp\Tools\Invoice\InvoiceListTool.php"
"15","C:\Users\lyf07\OneDrive\Documents\Github Projects\Tuolijang\tuolijang-english\app\Http\Service\Approve\ApproveService.php"
"15","C:\Users\lyf07\OneDrive\Documents\Github Projects\Tuolijang\tuolijang-english\database\migrations\v1.2\2023_06_29_101800_create_attendance_shift_rule_table.php"
"15","C:\Users\lyf07\OneDrive\Documents\Github Projects\Tuolijang\tuolijang-english\app\Http\Service\Config\DictDataService.php"
"15","C:\Users\lyf07\OneDrive\Documents\Github Projects\Tuolijang\tuolijang-english\app\Http\Dao\Customer\LeadDao.php"
"15","C:\Users\lyf07\OneDrive\Documents\Github Projects\Tuolijang\tuolijang-english\app\Http\Service\Config\SystemStorageService.php"
"15","C:\Users\lyf07\OneDrive\Documents\Github Projects\Tuolijang\tuolijang-english\app\Http\Service\Position\PositionService.php"
"15","C:\Users\lyf07\OneDrive\Documents\Github Projects\Tuolijang\tuolijang-english\database\migrations\v1.1\2023_06_05_104220_create_task_table.php"
"14","C:\Users\lyf07\OneDrive\Documents\Github Projects\Tuolijang\tuolijang-english\app\Http\Model\Work\WorkMessage.php"
"14","C:\Users\lyf07\OneDrive\Documents\Github Projects\Tuolijang\tuolijang-english\app\Http\Dao\Customer\ProductAssistDao.php"
"14","C:\Users\lyf07\OneDrive\Documents\Github Projects\Tuolijang\tuolijang-english\app\Http\Requests\system\SystemConfigRequest.php"
"14","C:\Users\lyf07\OneDrive\Documents\Github Projects\Tuolijang\tuolijang-english\app\Http\Dao\Work\WorkMessageDao.php"
"14","C:\Users\lyf07\OneDrive\Documents\Github Projects\Tuolijang\tuolijang-english\app\Http\Service\Rank\RankService.php"
"14","C:\Users\lyf07\OneDrive\Documents\Github Projects\Tuolijang\tuolijang-english\database\migrations\v2.1\2025_09_17_150616_create_customer_product_assist_table.php"
"14","C:\Users\lyf07\OneDrive\Documents\Github Projects\Tuolijang\tuolijang-english\app\Http\Service\ImportExport\CustomerExportService.php"
"14","C:\Users\lyf07\OneDrive\Documents\Github Projects\Tuolijang\tuolijang-english\app\Http\Requests\system\LoginConfigRequest.php"
"14","C:\Users\lyf07\OneDrive\Documents\Github Projects\Tuolijang\tuolijang-english\app\Http\Service\Config\QuickService.php"
"14","C:\Users\lyf07\OneDrive\Documents\Github Projects\Tuolijang\tuolijang-english\app\Http\Service\Config\DictTypeService.php"
"14","C:\Users\lyf07\OneDrive\Documents\Github Projects\Tuolijang\tuolijang-english\app\Http\Service\Attendance\AttendanceStatusService.php"
"14","C:\Users\lyf07\OneDrive\Documents\Github Projects\Tuolijang\tuolijang-english\app\Console\Commands\CompareAllTables.php"
"14","C:\Users\lyf07\OneDrive\Documents\Github Projects\Tuolijang\tuolijang-english\app\Http\Service\User\UserEducationHistoryService.php"
"14","C:\Users\lyf07\OneDrive\Documents\Github Projects\Tuolijang\tuolijang-english\app\Console\Commands\FixOverEscapedData.php"
"14","C:\Users\lyf07\OneDrive\Documents\Github Projects\Tuolijang\tuolijang-english\database\migrations\v1.1\2023_06_05_104220_create_client_file_table.php"
"14","C:\Users\lyf07\OneDrive\Documents\Github Projects\Tuolijang\tuolijang-english\app\Http\Controller\AdminApi\Cloud\CloudSpaceController.php"
"14","C:\Users\lyf07\OneDrive\Documents\Github Projects\Tuolijang\tuolijang-english\app\Constants\Mcp\McpPersonnelEnum.php"
"14","C:\Users\lyf07\OneDrive\Documents\Github Projects\Tuolijang\tuolijang-english\database\migrations\v1.8\2024_09_19_102858_update_apprve_table.php"
"14","C:\Users\lyf07\OneDrive\Documents\Github Projects\Tuolijang\tuolijang-english\app\Http\Requests\enterprise\program\ProgramTaskRequest.php"
"13","C:\Users\lyf07\OneDrive\Documents\Github Projects\Tuolijang\tuolijang-english\database\migrations\v1.1\2023_06_05_104220_create_approve_content_table.php"
"13","C:\Users\lyf07\OneDrive\Documents\Github Projects\Tuolijang\tuolijang-english\database\migrations\v1.1\2023_06_05_104220_create_approve_form_table.php"
"13","C:\Users\lyf07\OneDrive\Documents\Github Projects\Tuolijang\tuolijang-english\app\Http\Service\Customer\OpportunityService.php"
"13","C:\Users\lyf07\OneDrive\Documents\Github Projects\Tuolijang\tuolijang-english\app\Console\Commands\GenerateCustomerSystemNumbers.php"
"13","C:\Users\lyf07\OneDrive\Documents\Github Projects\Tuolijang\tuolijang-english\database\migrations\v2.1\2025_09_17_150617_create_work_group_chat_member_table.php"
"13","C:\Users\lyf07\OneDrive\Documents\Github Projects\Tuolijang\tuolijang-english\app\Http\Service\User\UserEducationService.php"
"13","C:\Users\lyf07\OneDrive\Documents\Github Projects\Tuolijang\tuolijang-english\app\Mcp\Tools\Report\ReportListTool.php"
"13","C:\Users\lyf07\OneDrive\Documents\Github Projects\Tuolijang\tuolijang-english\database\migrations\v1.1\2023_06_05_104220_create_assess_plan_table.php"
"13","C:\Users\lyf07\OneDrive\Documents\Github Projects\Tuolijang\tuolijang-english\database\migrations\v1.1\2023_06_05_104220_create_storage_record_table.php"
"13","C:\Users\lyf07\OneDrive\Documents\Github Projects\Tuolijang\tuolijang-english\app\Http\Controller\AdminApi\Package\WebOfficeController.php"
"13","C:\Users\lyf07\OneDrive\Documents\Github Projects\Tuolijang\tuolijang-english\app\Http\Requests\enterprise\user\EnterpriseUserCardRequest.php"
"13","C:\Users\lyf07\OneDrive\Documents\Github Projects\Tuolijang\tuolijang-english\app\Http\Service\User\UserWorkHistoryService.php"
"13","C:\Users\lyf07\OneDrive\Documents\Github Projects\Tuolijang\tuolijang-english\database\migrations\v1.1\2023_06_05_104220_create_enterprise_user_change_table.php"
"13","C:\Users\lyf07\OneDrive\Documents\Github Projects\Tuolijang\tuolijang-english\app\Mcp\Tools\Assess\AssessListTool.php"
"13","C:\Users\lyf07\OneDrive\Documents\Github Projects\Tuolijang\tuolijang-english\database\migrations\v2.1\2025_09_17_150616_alter_contract_table.php"
"13","C:\Users\lyf07\OneDrive\Documents\Github Projects\Tuolijang\tuolijang-english\app\Http\Service\Company\CompanyUserEducationService.php"
"13","C:\Users\lyf07\OneDrive\Documents\Github Projects\Tuolijang\tuolijang-english\app\Http\Service\Company\CompanyUserPositionService.php"
"13","C:\Users\lyf07\OneDrive\Documents\Github Projects\Tuolijang\tuolijang-english\app\Http\Controller\AdminApi\Module\CrudFormController.php"
"13","C:\Users\lyf07\OneDrive\Documents\Github Projects\Tuolijang\tuolijang-english\database\migrations\v1.5\2024_03_11_115925_create_system_storage_table.php"
"13","C:\Users\lyf07\OneDrive\Documents\Github Projects\Tuolijang\tuolijang-english\database\migrations\v1.2\2023_06_28_122643_attendance_clock_record_table.php"
"13","C:\Users\lyf07\OneDrive\Documents\Github Projects\Tuolijang\tuolijang-english\database\migrations\v1.2\2023_06_28_103444_create_attendance_shift_table.php"
"13","C:\Users\lyf07\OneDrive\Documents\Github Projects\Tuolijang\tuolijang-english\app\Http\Controller\UniApi\CommonController.php"
"12","C:\Users\lyf07\OneDrive\Documents\Github Projects\Tuolijang\tuolijang-english\app\Listeners\Notification\SocketNotificationListener.php"
"12","C:\Users\lyf07\OneDrive\Documents\Github Projects\Tuolijang\tuolijang-english\app\Constants\ModuleEnum.php"
"12","C:\Users\lyf07\OneDrive\Documents\Github Projects\Tuolijang\tuolijang-english\app\Http\Service\Assess\AssessTargetService.php"
"12","C:\Users\lyf07\OneDrive\Documents\Github Projects\Tuolijang\tuolijang-english\database\migrations\v2.0\2025_02_28_161758_create_chat_record_table.php"
"12","C:\Users\lyf07\OneDrive\Documents\Github Projects\Tuolijang\tuolijang-english\database\migrations\v2.1\2025_09_17_150617_create_work_client_follow_table.php"
"12","C:\Users\lyf07\OneDrive\Documents\Github Projects\Tuolijang\tuolijang-english\database\migrations\v1.7\2024_07_11_864355_create_system_crud_curl.php"
"12","C:\Users\lyf07\OneDrive\Documents\Github Projects\Tuolijang\tuolijang-english\database\migrations\v1.1\2023_06_05_104220_create_assess_user_score_table.php"
"12","C:\Users\lyf07\OneDrive\Documents\Github Projects\Tuolijang\tuolijang-english\app\Http\Controller\AdminApi\Chat\ChatAppMcpServiceController.php"
"12","C:\Users\lyf07\OneDrive\Documents\Github Projects\Tuolijang\tuolijang-english\database\migrations\v2.3\2025_12_17_114032_create_contract_signatory_table.php"
"12","C:\Users\lyf07\OneDrive\Documents\Github Projects\Tuolijang\tuolijang-english\database\migrations\v2.1\2025_09_17_150616_create_customer_odds_table.php"
"12","C:\Users\lyf07\OneDrive\Documents\Github Projects\Tuolijang\tuolijang-english\app\Http\Service\User\UserWorkService.php"
"12","C:\Users\lyf07\OneDrive\Documents\Github Projects\Tuolijang\tuolijang-english\app\Http\Service\Finance\PaytypeService.php"
"12","C:\Users\lyf07\OneDrive\Documents\Github Projects\Tuolijang\tuolijang-english\app\Http\Controller\AdminApi\Config\DictDataController.php"
"12","C:\Users\lyf07\OneDrive\Documents\Github Projects\Tuolijang\tuolijang-english\app\Task\message\UserAssessAppealRemind.php"
"12","C:\Users\lyf07\OneDrive\Documents\Github Projects\Tuolijang\tuolijang-english\database\migrations\v1.1\2023_06_05_104220_create_user_enterprise_table.php"
"12","C:\Users\lyf07\OneDrive\Documents\Github Projects\Tuolijang\tuolijang-english\app\Http\Service\Attendance\AttendanceShiftService.php"
"12","C:\Users\lyf07\OneDrive\Documents\Github Projects\Tuolijang\tuolijang-english\app\Http\Requests\Customer\RemindRequest.php"
"12","C:\Users\lyf07\OneDrive\Documents\Github Projects\Tuolijang\tuolijang-english\database\migrations\v1.1\2023_06_05_104220_create_system_quick_table.php"
"12","C:\Users\lyf07\OneDrive\Documents\Github Projects\Tuolijang\tuolijang-english\app\Constants\TodoEnum.php"
"12","C:\Users\lyf07\OneDrive\Documents\Github Projects\Tuolijang\tuolijang-english\database\migrations\v1.1\2023_06_05_104220_create_enterprise_notice_table.php"
"12","C:\Users\lyf07\OneDrive\Documents\Github Projects\Tuolijang\tuolijang-english\app\Http\Service\Company\CompanyUserWorkService.php"
"12","C:\Users\lyf07\OneDrive\Documents\Github Projects\Tuolijang\tuolijang-english\database\migrations\v2.1\2025_09_17_150616_create_customer_product_table.php"
"12","C:\Users\lyf07\OneDrive\Documents\Github Projects\Tuolijang\tuolijang-english\app\Http\Service\User\UserPositionService.php"
"11","C:\Users\lyf07\OneDrive\Documents\Github Projects\Tuolijang\tuolijang-english\database\migrations\v1.1\2023_06_05_104220_create_system_admin_table.php"
"11","C:\Users\lyf07\OneDrive\Documents\Github Projects\Tuolijang\tuolijang-english\database\migrations\v1.1\2023_06_05_104220_create_enterprise_template_table.php"
"11","C:\Users\lyf07\OneDrive\Documents\Github Projects\Tuolijang\tuolijang-english\app\Http\Requests\Customer\ContractRequest.php"
"11","C:\Users\lyf07\OneDrive\Documents\Github Projects\Tuolijang\tuolijang-english\app\Http\Controller\AdminApi\Work\WorkCallbackController.php"
"11","C:\Users\lyf07\OneDrive\Documents\Github Projects\Tuolijang\tuolijang-english\app\Console\Commands\FixCustomerJsonFields.php"
"11","C:\Users\lyf07\OneDrive\Documents\Github Projects\Tuolijang\tuolijang-english\database\migrations\v1.9\2025_01_13_182033_create_system_crud_approve_record_table.php"
"11","C:\Users\lyf07\OneDrive\Documents\Github Projects\Tuolijang\tuolijang-english\database\migrations\v2.3\2026_01_06_163428_create_export_record_table.php"
"11","C:\Users\lyf07\OneDrive\Documents\Github Projects\Tuolijang\tuolijang-english\database\migrations\v2.0\2025_01_13_182033_create_system_crud_approve_record_table.php"
"11","C:\Users\lyf07\OneDrive\Documents\Github Projects\Tuolijang\tuolijang-english\database\migrations\v1.1\2023_06_05_104220_create_category_table.php"
"11","C:\Users\lyf07\OneDrive\Documents\Github Projects\Tuolijang\tuolijang-english\database\migrations\v1.1\2023_06_05_104220_create_folder_history_table.php"
"11","C:\Users\lyf07\OneDrive\Documents\Github Projects\Tuolijang\tuolijang-english\app\Mcp\Tools\Finance\FinanceTrendTool.php"
"11","C:\Users\lyf07\OneDrive\Documents\Github Projects\Tuolijang\tuolijang-english\database\migrations\v1.1\2023_06_05_104220_create_bill_list_table.php"
"11","C:\Users\lyf07\OneDrive\Documents\Github Projects\Tuolijang\tuolijang-english\app\Http\Requests\enterprise\program\ProgramRequest.php"
"11","C:\Users\lyf07\OneDrive\Documents\Github Projects\Tuolijang\tuolijang-english\database\migrations\v1.1\2023_06_05_104220_create_client_liaison_table.php"
"11","C:\Users\lyf07\OneDrive\Documents\Github Projects\Tuolijang\tuolijang-english\database\migrations\v1.2\2023_08_08_093505_create_attendance_handle_record_table.php"
"11","C:\Users\lyf07\OneDrive\Documents\Github Projects\Tuolijang\tuolijang-english\app\Http\Dao\Customer\OpportunityDao.php"
"11","C:\Users\lyf07\OneDrive\Documents\Github Projects\Tuolijang\tuolijang-english\app\Http\Service\System\SystemGroupService.php"
"11","C:\Users\lyf07\OneDrive\Documents\Github Projects\Tuolijang\tuolijang-english\app\Http\Dao\Customer\ProductDao.php"
"11","C:\Users\lyf07\OneDrive\Documents\Github Projects\Tuolijang\tuolijang-english\app\Http\Service\Assess\AssessSpaceService.php"
"11","C:\Users\lyf07\OneDrive\Documents\Github Projects\Tuolijang\tuolijang-english\app\Http\Dao\Company\CompanyUserAssessDao.php"
"11","C:\Users\lyf07\OneDrive\Documents\Github Projects\Tuolijang\tuolijang-english\database\migrations\v2.1\2025_09_17_150617_create_system_crud_operate_table.php"
"11","C:\Users\lyf07\OneDrive\Documents\Github Projects\Tuolijang\tuolijang-english\database\migrations\v2.1\2025_09_17_150617_create_work_group_chat_table.php"
"11","C:\Users\lyf07\OneDrive\Documents\Github Projects\Tuolijang\tuolijang-english\app\Mcp\Tools\Bill\BillListTool.php"
"11","C:\Users\lyf07\OneDrive\Documents\Github Projects\Tuolijang\tuolijang-english\app\Http\Service\System\SystemGroupDataService.php"
"11","C:\Users\lyf07\OneDrive\Documents\Github Projects\Tuolijang\tuolijang-english\app\Http\Dao\WorkExternalContact\WorkMassMessagingResultDao.php"
"11","C:\Users\lyf07\OneDrive\Documents\Github Projects\Tuolijang\tuolijang-english\database\migrations\v1.1\2023_06_05_104220_create_assess_target_table.php"
"11","C:\Users\lyf07\OneDrive\Documents\Github Projects\Tuolijang\tuolijang-english\app\Http\Service\Customer\ProductCategoryService.php"
"11","C:\Users\lyf07\OneDrive\Documents\Github Projects\Tuolijang\tuolijang-english\app\Http\Controller\AdminApi\Company\UserCardController.php"
"10","C:\Users\lyf07\OneDrive\Documents\Github Projects\Tuolijang\tuolijang-english\app\Mcp\Tools\Attendance\AttendanceClockListTool.php"
"10","C:\Users\lyf07\OneDrive\Documents\Github Projects\Tuolijang\tuolijang-english\app\Task\message\DailyReportRemind.php"
"10","C:\Users\lyf07\OneDrive\Documents\Github Projects\Tuolijang\tuolijang-english\app\Http\Controller\AdminApi\Assess\AssessController.php"
"10","C:\Users\lyf07\OneDrive\Documents\Github Projects\Tuolijang\tuolijang-english\app\Http\Service\Customer\TargetService.php"
"10","C:\Users\lyf07\OneDrive\Documents\Github Projects\Tuolijang\tuolijang-english\app\Http\Service\WorkExternalContact\WorkMediaService.php"
"10","C:\Users\lyf07\OneDrive\Documents\Github Projects\Tuolijang\tuolijang-english\database\migrations\v1.1\2023_06_05_104220_create_enterprise_role_table.php"
"10","C:\Users\lyf07\OneDrive\Documents\Github Projects\Tuolijang\tuolijang-english\database\migrations\v2.0\2024_12_11_100607_update_system_crud_event_table.php"
"10","C:\Users\lyf07\OneDrive\Documents\Github Projects\Tuolijang\tuolijang-english\app\Mcp\Tools\Report\ReportSubmitStatisticsTool.php"
"10","C:\Users\lyf07\OneDrive\Documents\Github Projects\Tuolijang\tuolijang-english\app\Http\Requests\enterprise\attendance\AttendancePersonRequest.php"
"10","C:\Users\lyf07\OneDrive\Documents\Github Projects\Tuolijang\tuolijang-english\app\Http\Service\WorkExternalContact\WorkMassMessagingTempAttachService.php"
"10","C:\Users\lyf07\OneDrive\Documents\Github Projects\Tuolijang\tuolijang-english\app\Observers\ContractDocObserver.php"
"10","C:\Users\lyf07\OneDrive\Documents\Github Projects\Tuolijang\tuolijang-english\database\migrations\v1.1\2023_06_05_104220_create_approve_user_table.php"
"10","C:\Users\lyf07\OneDrive\Documents\Github Projects\Tuolijang\tuolijang-english\app\Mcp\Tools\Contract\ContractListTool.php"
"10","C:\Users\lyf07\OneDrive\Documents\Github Projects\Tuolijang\tuolijang-english\database\migrations\v2.2\2025_12_01_101127_create_work_reply_temp_table.php"
"10","C:\Users\lyf07\OneDrive\Documents\Github Projects\Tuolijang\tuolijang-english\app\Http\Requests\system\QuickRequest.php"
"10","C:\Users\lyf07\OneDrive\Documents\Github Projects\Tuolijang\tuolijang-english\database\migrations\v1.5\2024_03_07_102512_create_program_table.php"
"10","C:\Users\lyf07\OneDrive\Documents\Github Projects\Tuolijang\tuolijang-english\app\Http\Service\Approve\ApproveContentService.php"
"10","C:\Users\lyf07\OneDrive\Documents\Github Projects\Tuolijang\tuolijang-english\database\migrations\v2.1\2025_09_17_150616_create_customer_product_attr_value_table.php"
"10","C:\Users\lyf07\OneDrive\Documents\Github Projects\Tuolijang\tuolijang-english\app\Http\Service\Attendance\AttendanceGroupService.php"
"10","C:\Users\lyf07\OneDrive\Documents\Github Projects\Tuolijang\tuolijang-english\database\migrations\v2.4\2025_05_20_000002_create_chat_app_mcp_services_table.php"
"10","C:\Users\lyf07\OneDrive\Documents\Github Projects\Tuolijang\tuolijang-english\database\migrations\v1.5\2024_02_26_162047_create_system_crud_table.php"
"10","C:\Users\lyf07\OneDrive\Documents\Github Projects\Tuolijang\tuolijang-english\database\migrations\v1.1\2023_06_05_104220_create_client_contract_category_table.php"
"10","C:\Users\lyf07\OneDrive\Documents\Github Projects\Tuolijang\tuolijang-english\app\Http\Controller\AdminApi\Open\OpenScheduleController.php"
"10","C:\Users\lyf07\OneDrive\Documents\Github Projects\Tuolijang\tuolijang-english\app\Http\Requests\system\SystemMenusRequest.php"
"10","C:\Users\lyf07\OneDrive\Documents\Github Projects\Tuolijang\tuolijang-english\app\Http\Controller\UniApi\Notice\NoticeController.php"
"10","C:\Users\lyf07\OneDrive\Documents\Github Projects\Tuolijang\tuolijang-english\database\migrations\v1.1\2023_06_05_104220_create_system_city_table.php"
"10","C:\Users\lyf07\OneDrive\Documents\Github Projects\Tuolijang\tuolijang-english\app\Http\Dao\WorkExternalContact\WorkReplyTempDao.php"
"10","C:\Users\lyf07\OneDrive\Documents\Github Projects\Tuolijang\tuolijang-english\database\migrations\v1.9\2024_12_11_100607_update_system_crud_event_table.php"
"10","C:\Users\lyf07\OneDrive\Documents\Github Projects\Tuolijang\tuolijang-english\database\migrations\v1.2\2023_08_14_123030_create_attendance_apply_record_table.php"
"10","C:\Users\lyf07\OneDrive\Documents\Github Projects\Tuolijang\tuolijang-english\database\migrations\v1.1\2023_06_05_104220_create_frame_table.php"
"10","C:\Users\lyf07\OneDrive\Documents\Github Projects\Tuolijang\tuolijang-english\database\migrations\v1.1\2023_06_05_104220_create_user_remind_log_table.php"
"10","C:\Users\lyf07\OneDrive\Documents\Github Projects\Tuolijang\tuolijang-english\database\migrations\v1.5\2024_03_20_091837_create_system_crud_role_table.php"
"10","C:\Users\lyf07\OneDrive\Documents\Github Projects\Tuolijang\tuolijang-english\database\migrations\v1.4\2023_12_11_174228_create_customer_liaison.php"
"10","C:\Users\lyf07\OneDrive\Documents\Github Projects\Tuolijang\tuolijang-english\database\migrations\v1.4\2023_11_17_095230_create_dict_data_table.php"
"10","C:\Users\lyf07\OneDrive\Documents\Github Projects\Tuolijang\tuolijang-english\app\Http\Requests\enterprise\assess\PlanRequest.php"
"10","C:\Users\lyf07\OneDrive\Documents\Github Projects\Tuolijang\tuolijang-english\database\migrations\v1.1\2023_06_05_104220_create_user_card_perfect_table.php"
"10","C:\Users\lyf07\OneDrive\Documents\Github Projects\Tuolijang\tuolijang-english\app\Http\Service\User\UserQuickService.php"
"10","C:\Users\lyf07\OneDrive\Documents\Github Projects\Tuolijang\tuolijang-english\database\migrations\v1.1\2023_06_05_104220_create_user_education_history_table.php"
"10","C:\Users\lyf07\OneDrive\Documents\Github Projects\Tuolijang\tuolijang-english\app\Http\Dao\Customer\ProductAttrValueDao.php"
"9","C:\Users\lyf07\OneDrive\Documents\Github Projects\Tuolijang\tuolijang-english\database\migrations\v2.2\2025_12_01_101127_create_work_mass_messaging_temp_attach_table.php"
"9","C:\Users\lyf07\OneDrive\Documents\Github Projects\Tuolijang\tuolijang-english\app\Http\Controller\UniApi\LoginController.php"
"9","C:\Users\lyf07\OneDrive\Documents\Github Projects\Tuolijang\tuolijang-english\database\migrations\v1.8\2024_09_24_160736_create_openapi_key_table.php"
"9","C:\Users\lyf07\OneDrive\Documents\Github Projects\Tuolijang\tuolijang-english\app\Mcp\Tools\Schedule\ScheduleListTool.php"
"9","C:\Users\lyf07\OneDrive\Documents\Github Projects\Tuolijang\tuolijang-english\app\Http\Service\Attach\AttachCateService.php"
"9","C:\Users\lyf07\OneDrive\Documents\Github Projects\Tuolijang\tuolijang-english\app\Http\Service\Assess\AssessTemplateService.php"
"9","C:\Users\lyf07\OneDrive\Documents\Github Projects\Tuolijang\tuolijang-english\app\Http\Requests\system\SystemGroupRequest.php"
"9","C:\Users\lyf07\OneDrive\Documents\Github Projects\Tuolijang\tuolijang-english\database\migrations\v2.2\2025_12_01_101127_create_work_mass_messaging_task_table.php"
"9","C:\Users\lyf07\OneDrive\Documents\Github Projects\Tuolijang\tuolijang-english\database\migrations\v1.1\2023_06_05_104220_create_system_package_table.php"
"9","C:\Users\lyf07\OneDrive\Documents\Github Projects\Tuolijang\tuolijang-english\app\Http\Dao\WorkExternalContact\WorkMassMessagingTempAttachDao.php"
"9","C:\Users\lyf07\OneDrive\Documents\Github Projects\Tuolijang\tuolijang-english\database\migrations\v1.1\2023_06_05_104220_create_system_log_table.php"
"9","C:\Users\lyf07\OneDrive\Documents\Github Projects\Tuolijang\tuolijang-english\app\Http\Controller\AdminApi\Frame\FrameController.php"
"9","C:\Users\lyf07\OneDrive\Documents\Github Projects\Tuolijang\tuolijang-english\database\migrations\v1.1\2023_06_05_104220_create_system_role_table.php"
"9","C:\Users\lyf07\OneDrive\Documents\Github Projects\Tuolijang\tuolijang-english\database\migrations\v1.2\2023_10_19_175648_create_message_category_table.php"
"9","C:\Users\lyf07\OneDrive\Documents\Github Projects\Tuolijang\tuolijang-english\app\Http\Controller\AdminApi\Open\OpenModuleController.php"
"9","C:\Users\lyf07\OneDrive\Documents\Github Projects\Tuolijang\tuolijang-english\app\Http\Requests\enterprise\attendance\RosterCycleRequest.php"
"9","C:\Users\lyf07\OneDrive\Documents\Github Projects\Tuolijang\tuolijang-english\database\migrations\v1.1\2023_06_05_104220_create_user_work_history_table.php"
"9","C:\Users\lyf07\OneDrive\Documents\Github Projects\Tuolijang\tuolijang-english\app\Mcp\Tools\Record\RecordListTool.php"
"9","C:\Users\lyf07\OneDrive\Documents\Github Projects\Tuolijang\tuolijang-english\database\migrations\v1.1\2023_06_05_104220_create_enterprise_user_education_table.php"
"9","C:\Users\lyf07\OneDrive\Documents\Github Projects\Tuolijang\tuolijang-english\database\migrations\v1.1\2023_06_05_104220_create_enterprise_log_0_table.php"
"9","C:\Users\lyf07\OneDrive\Documents\Github Projects\Tuolijang\tuolijang-english\database\migrations\v1.1\2023_06_05_104220_create_enterprise_user_position_table.php"
"9","C:\Users\lyf07\OneDrive\Documents\Github Projects\Tuolijang\tuolijang-english\app\Http\Controller\AdminApi\Report\ReportController.php"
"9","C:\Users\lyf07\OneDrive\Documents\Github Projects\Tuolijang\tuolijang-english\app\Http\Requests\enterprise\bill\BillRequest.php"
"9","C:\Users\lyf07\OneDrive\Documents\Github Projects\Tuolijang\tuolijang-english\app\Http\Service\WorkExternalContact\WorkMassMessagingService.php"
"9","C:\Users\lyf07\OneDrive\Documents\Github Projects\Tuolijang\tuolijang-english\app\Http\Controller\AdminApi\WorkExternalContact\WorkReplyTempController.php"
"9","C:\Users\lyf07\OneDrive\Documents\Github Projects\Tuolijang\tuolijang-english\database\migrations\v1.1\2023_06_05_104220_create_message_table.php"
"9","C:\Users\lyf07\OneDrive\Documents\Github Projects\Tuolijang\tuolijang-english\app\Http\Controller\AdminApi\Module\CrudCateController.php"
"9","C:\Users\lyf07\OneDrive\Documents\Github Projects\Tuolijang\tuolijang-english\app\Http\Dao\System\LogDao.php"
"9","C:\Users\lyf07\OneDrive\Documents\Github Projects\Tuolijang\tuolijang-english\database\migrations\v1.1\2023_06_05_104220_create_client_follow_table.php"
"8","C:\Users\lyf07\OneDrive\Documents\Github Projects\Tuolijang\tuolijang-english\app\Http\Service\Crud\SystemCrudApproveService.php"
"8","C:\Users\lyf07\OneDrive\Documents\Github Projects\Tuolijang\tuolijang-english\database\migrations\v1.1\2023_06_05_104220_create_user_enterprise_invite_table.php"
"8","C:\Users\lyf07\OneDrive\Documents\Github Projects\Tuolijang\tuolijang-english\app\Http\Controller\UniApi\Report\ReportController.php"
"8","C:\Users\lyf07\OneDrive\Documents\Github Projects\Tuolijang\tuolijang-english\app\Http\Controller\AdminApi\WorkExternalContact\WorkMassMessagingController.php"
"8","C:\Users\lyf07\OneDrive\Documents\Github Projects\Tuolijang\tuolijang-english\app\Mcp\Tools\Finance\FinanceRankAnalysisTool.php"
"8","C:\Users\lyf07\OneDrive\Documents\Github Projects\Tuolijang\tuolijang-english\database\migrations\v2.1\2025_09_17_150617_create_view_search_table.php"
"8","C:\Users\lyf07\OneDrive\Documents\Github Projects\Tuolijang\tuolijang-english\database\migrations\v1.2\2023_08_02_174300_create_schedule_reply_table.php"
"8","C:\Users\lyf07\OneDrive\Documents\Github Projects\Tuolijang\tuolijang-english\database\migrations\v2.1\2025_09_17_150616_create_customer_product_category_table.php"
"8","C:\Users\lyf07\OneDrive\Documents\Github Projects\Tuolijang\tuolijang-english\app\Http\Service\Position\PositionJobService.php"
"8","C:\Users\lyf07\OneDrive\Documents\Github Projects\Tuolijang\tuolijang-english\app\Http\Controller\AdminApi\Customer\ContractController.php"
"8","C:\Users\lyf07\OneDrive\Documents\Github Projects\Tuolijang\tuolijang-english\app\Http\Controller\AdminApi\Module\CrudCurlController.php"
"8","C:\Users\lyf07\OneDrive\Documents\Github Projects\Tuolijang\tuolijang-english\database\migrations\v1.9\2024_12_06_151137_system_crud_data_share.php"
"8","C:\Users\lyf07\OneDrive\Documents\Github Projects\Tuolijang\tuolijang-english\app\Http\Controller\UniApi\Customer\ContractController.php"
"8","C:\Users\lyf07\OneDrive\Documents\Github Projects\Tuolijang\tuolijang-english\database\migrations\v1.1\2023_06_05_104220_create_user_token_table.php"
"8","C:\Users\lyf07\OneDrive\Documents\Github Projects\Tuolijang\tuolijang-english\app\Http\Controller\AdminApi\Config\SysremConfigController.php"
"8","C:\Users\lyf07\OneDrive\Documents\Github Projects\Tuolijang\tuolijang-english\app\Mcp\Tools\Report\ReportStatisticsTool.php"
"8","C:\Users\lyf07\OneDrive\Documents\Github Projects\Tuolijang\tuolijang-english\app\Http\Service\Rank\RankCategoryService.php"
"8","C:\Users\lyf07\OneDrive\Documents\Github Projects\Tuolijang\tuolijang-english\app\Http\Controller\AdminApi\Notice\NoticeTemplateController.php"
"8","C:\Users\lyf07\OneDrive\Documents\Github Projects\Tuolijang\tuolijang-english\database\migrations\v2.2\2025_12_01_101127_create_work_mass_messaging_result_table.php"
"8","C:\Users\lyf07\OneDrive\Documents\Github Projects\Tuolijang\tuolijang-english\app\Http\Controller\AdminApi\Approve\ApproveApplyController.php"
"8","C:\Users\lyf07\OneDrive\Documents\Github Projects\Tuolijang\tuolijang-english\app\Http\Controller\AdminApi\Open\OpenApiKeyController.php"
"8","C:\Users\lyf07\OneDrive\Documents\Github Projects\Tuolijang\tuolijang-english\app\Http\Service\Report\ReportService.php"
"8","C:\Users\lyf07\OneDrive\Documents\Github Projects\Tuolijang\tuolijang-english\app\Task\message\UserAssessEndRemind.php"
"8","C:\Users\lyf07\OneDrive\Documents\Github Projects\Tuolijang\tuolijang-english\database\migrations\v1.5\2024_03_19_155419_create_program_dynamic_table.php"
"8","C:\Users\lyf07\OneDrive\Documents\Github Projects\Tuolijang\tuolijang-english\database\migrations\v1.9\2024_11_29_153220_system_crud_log.php"
"8","C:\Users\lyf07\OneDrive\Documents\Github Projects\Tuolijang\tuolijang-english\app\Mcp\Tools\Personnel\MyDataScopeTool.php"
"8","C:\Users\lyf07\OneDrive\Documents\Github Projects\Tuolijang\tuolijang-english\app\Http\Requests\Crud\SystemCrudCurlRequest.php"
"8","C:\Users\lyf07\OneDrive\Documents\Github Projects\Tuolijang\tuolijang-english\app\Http\Requests\common\AccountLoginRequest.php"
"8","C:\Users\lyf07\OneDrive\Documents\Github Projects\Tuolijang\tuolijang-english\database\migrations\v1.1\2023_06_05_104220_create_frame_assist_table.php"
"8","C:\Users\lyf07\OneDrive\Documents\Github Projects\Tuolijang\tuolijang-english\app\Http\Controller\AdminApi\Position\PositionLevelController.php"
"8","C:\Users\lyf07\OneDrive\Documents\Github Projects\Tuolijang\tuolijang-english\database\migrations\v2.0\2024_11_29_153220_create_system_crud_log_table.php"
"8","C:\Users\lyf07\OneDrive\Documents\Github Projects\Tuolijang\tuolijang-english\app\Http\Controller\AdminApi\Message\MessageController.php"
"8","C:\Users\lyf07\OneDrive\Documents\Github Projects\Tuolijang\tuolijang-english\database\migrations\v1.1\2023_06_05_104220_create_schedule_type_table.php"
"8","C:\Users\lyf07\OneDrive\Documents\Github Projects\Tuolijang\tuolijang-english\app\Http\Service\Open\OpenApiKeyService.php"
"8","C:\Users\lyf07\OneDrive\Documents\Github Projects\Tuolijang\tuolijang-english\database\migrations\v2.4\2026_05_06_100000_create_todo_items_table.php"
"8","C:\Users\lyf07\OneDrive\Documents\Github Projects\Tuolijang\tuolijang-english\app\Http\Requests\Chat\ChatAppMcpServiceRequest.php"
"8","C:\Users\lyf07\OneDrive\Documents\Github Projects\Tuolijang\tuolijang-english\database\migrations\v1.1\2023_06_05_104220_create_enterprise_user_salary_table.php"
"8","C:\Users\lyf07\OneDrive\Documents\Github Projects\Tuolijang\tuolijang-english\database\migrations\v1.1\2023_06_05_104220_create_enterprise_user_work_table.php"
"8","C:\Users\lyf07\OneDrive\Documents\Github Projects\Tuolijang\tuolijang-english\database\migrations\v1.1\2023_06_05_104220_create_enterprise_paytype_table.php"
"8","C:\Users\lyf07\OneDrive\Documents\Github Projects\Tuolijang\tuolijang-english\database\migrations\v2.0\2024_12_07_093358_create_system_crud_questionnaire_table.php"
"8","C:\Users\lyf07\OneDrive\Documents\Github Projects\Tuolijang\tuolijang-english\app\Http\Controller\AdminApi\Customer\InvoiceController.php"
"8","C:\Users\lyf07\OneDrive\Documents\Github Projects\Tuolijang\tuolijang-english\app\Http\Service\ImportExport\LogsExport.php"
"8","C:\Users\lyf07\OneDrive\Documents\Github Projects\Tuolijang\tuolijang-english\database\migrations\v1.5\2024_02_19_165149_create_system_crud_approve_rule_table.php"
"8","C:\Users\lyf07\OneDrive\Documents\Github Projects\Tuolijang\tuolijang-english\app\Http\Controller\AdminApi\Customer\LabelController.php"
"8","C:\Users\lyf07\OneDrive\Documents\Github Projects\Tuolijang\tuolijang-english\database\migrations\v1.1\2023_06_05_104220_create_folder_auth_table.php"
"8","C:\Users\lyf07\OneDrive\Documents\Github Projects\Tuolijang\tuolijang-english\database\migrations\v2.0\2025_02_27_172846_create_chat_models_table.php"
"8","C:\Users\lyf07\OneDrive\Documents\Github Projects\Tuolijang\tuolijang-english\database\migrations\v1.1\2023_06_05_104220_create_approve_rule_table.php"
"8","C:\Users\lyf07\OneDrive\Documents\Github Projects\Tuolijang\tuolijang-english\app\Mcp\Tools\Assess\AssessStatisticsTool.php"
"8","C:\Users\lyf07\OneDrive\Documents\Github Projects\Tuolijang\tuolijang-english\app\Http\Dao\Customer\ProductCategoryDao.php"
"8","C:\Users\lyf07\OneDrive\Documents\Github Projects\Tuolijang\tuolijang-english\database\migrations\v1.5\2024_02_28_100330_create_system_crud_approve_table.php"
"8","C:\Users\lyf07\OneDrive\Documents\Github Projects\Tuolijang\tuolijang-english\app\Http\Dao\Other\ViewSearchDao.php"
"8","C:\Users\lyf07\OneDrive\Documents\Github Projects\Tuolijang\tuolijang-english\database\migrations\v2.0\2024_12_06_151137_create_system_crud_data_share_table.php"
"8","C:\Users\lyf07\OneDrive\Documents\Github Projects\Tuolijang\tuolijang-english\app\Http\Controller\AdminApi\Assess\TemplateController.php"
"8","C:\Users\lyf07\OneDrive\Documents\Github Projects\Tuolijang\tuolijang-english\database\migrations\v1.5\2024_02_26_165712_create_system_crud_table_table.php"
"8","C:\Users\lyf07\OneDrive\Documents\Github Projects\Tuolijang\tuolijang-english\app\Http\Service\Position\PositionCateService.php"
"8","C:\Users\lyf07\OneDrive\Documents\Github Projects\Tuolijang\tuolijang-english\database\migrations\v1.1\2023_06_05_104220_create_bill_category_table.php"
"8","C:\Users\lyf07\OneDrive\Documents\Github Projects\Tuolijang\tuolijang-english\database\migrations\v1.1\2023_06_05_104220_create_system_group_table.php"
"8","C:\Users\lyf07\OneDrive\Documents\Github Projects\Tuolijang\tuolijang-english\database\migrations\v1.1\2023_06_05_104220_create_storage_category_table.php"
"8","C:\Users\lyf07\OneDrive\Documents\Github Projects\Tuolijang\tuolijang-english\database\migrations\v1.9\2024_12_07_093358_system_crud_questionnaire.php"
"7","C:\Users\lyf07\OneDrive\Documents\Github Projects\Tuolijang\tuolijang-english\app\Constants\Mcp\McpCustomerEnum.php"
"7","C:\Users\lyf07\OneDrive\Documents\Github Projects\Tuolijang\tuolijang-english\database\migrations\v1.7\2024_06_03_864344_create_system_crud_senior_search.php"
"7","C:\Users\lyf07\OneDrive\Documents\Github Projects\Tuolijang\tuolijang-english\app\Mcp\Tools\Attendance\AttendanceApplyListTool.php"
"7","C:\Users\lyf07\OneDrive\Documents\Github Projects\Tuolijang\tuolijang-english\app\Http\Service\News\NewsCateService.php"
"7","C:\Users\lyf07\OneDrive\Documents\Github Projects\Tuolijang\tuolijang-english\app\Http\Controller\AdminApi\Customer\ProductCategoryController.php"
"7","C:\Users\lyf07\OneDrive\Documents\Github Projects\Tuolijang\tuolijang-english\app\Constants\AttendanceClockEnum.php"
"7","C:\Users\lyf07\OneDrive\Documents\Github Projects\Tuolijang\tuolijang-english\app\Http\Controller\AdminApi\Customer\ProductController.php"
"7","C:\Users\lyf07\OneDrive\Documents\Github Projects\Tuolijang\tuolijang-english\app\Http\Controller\AdminApi\Finance\PayTypeController.php"
"7","C:\Users\lyf07\OneDrive\Documents\Github Projects\Tuolijang\tuolijang-english\app\Mcp\Tools\Attendance\AttendanceScheduleListTool.php"
"7","C:\Users\lyf07\OneDrive\Documents\Github Projects\Tuolijang\tuolijang-english\database\migrations\v2.1\2025_09_17_150617_create_work_department_table.php"
"7","C:\Users\lyf07\OneDrive\Documents\Github Projects\Tuolijang\tuolijang-english\app\Constants\DataPermissionLevelEnum.php"
"7","C:\Users\lyf07\OneDrive\Documents\Github Projects\Tuolijang\tuolijang-english\app\Constants\Mcp\McpAttendanceEnum.php"
"7","C:\Users\lyf07\OneDrive\Documents\Github Projects\Tuolijang\tuolijang-english\app\Mcp\Tools\Assess\AssessTrendTool.php"
"7","C:\Users\lyf07\OneDrive\Documents\Github Projects\Tuolijang\tuolijang-english\app\Http\Controller\AdminApi\Finance\BillController.php"
"7","C:\Users\lyf07\OneDrive\Documents\Github Projects\Tuolijang\tuolijang-english\database\seeders\v2.4\DataUpdateHandler.php"
"7","C:\Users\lyf07\OneDrive\Documents\Github Projects\Tuolijang\tuolijang-english\app\Mcp\Tools\Attendance\AttendanceSummaryTool.php"
"7","C:\Users\lyf07\OneDrive\Documents\Github Projects\Tuolijang\tuolijang-english\app\Http\Service\Notice\NoticeCateService.php"
"7","C:\Users\lyf07\OneDrive\Documents\Github Projects\Tuolijang\tuolijang-english\database\migrations\v1.1\2023_06_05_104220_create_user_quick_table.php"
"7","C:\Users\lyf07\OneDrive\Documents\Github Projects\Tuolijang\tuolijang-english\database\migrations\v1.1\2023_06_05_104220_create_assess_score_table.php"
"7","C:\Users\lyf07\OneDrive\Documents\Github Projects\Tuolijang\tuolijang-english\database\migrations\v1.5\2024_02_26_165656_create_system_crud_form_table.php"
"7","C:\Users\lyf07\OneDrive\Documents\Github Projects\Tuolijang\tuolijang-english\app\Http\Controller\AdminApi\Customer\CustomerController.php"
"7","C:\Users\lyf07\OneDrive\Documents\Github Projects\Tuolijang\tuolijang-english\app\Http\Controller\AdminApi\Chat\ChatApplicationsController.php"
"7","C:\Users\lyf07\OneDrive\Documents\Github Projects\Tuolijang\tuolijang-english\database\migrations\v1.1\2023_06_05_104220_create_approve_table.php"
"7","C:\Users\lyf07\OneDrive\Documents\Github Projects\Tuolijang\tuolijang-english\app\Http\Controller\AdminApi\Assess\TargetController.php"
"7","C:\Users\lyf07\OneDrive\Documents\Github Projects\Tuolijang\tuolijang-english\app\Http\Controller\AdminApi\Attach\AttachCateController.php"
"7","C:\Users\lyf07\OneDrive\Documents\Github Projects\Tuolijang\tuolijang-english\database\migrations\v1.1\2023_06_05_104220_create_assess_reply_table.php"
"7","C:\Users\lyf07\OneDrive\Documents\Github Projects\Tuolijang\tuolijang-english\app\Http\Controller\AdminApi\Attach\AttachController.php"
"7","C:\Users\lyf07\OneDrive\Documents\Github Projects\Tuolijang\tuolijang-english\app\Http\Dao\Customer\TargetDao.php"
"7","C:\Users\lyf07\OneDrive\Documents\Github Projects\Tuolijang\tuolijang-english\database\migrations\v1.2\2023_08_22_175121_create_attendance_short_remind_table.php"
"7","C:\Users\lyf07\OneDrive\Documents\Github Projects\Tuolijang\tuolijang-english\database\migrations\v1.1\2023_06_05_104220_create_enterprise_user_daily_table.php"
"7","C:\Users\lyf07\OneDrive\Documents\Github Projects\Tuolijang\tuolijang-english\app\Http\Controller\AdminApi\User\UserController.php"
"7","C:\Users\lyf07\OneDrive\Documents\Github Projects\Tuolijang\tuolijang-english\database\migrations\v1.4\2023_11_17_095128_create_dict_type_table.php"
"7","C:\Users\lyf07\OneDrive\Documents\Github Projects\Tuolijang\tuolijang-english\database\migrations\v1.1\2023_06_05_104220_create_user_enterprise_apply_table.php"
"7","C:\Users\lyf07\OneDrive\Documents\Github Projects\Tuolijang\tuolijang-english\database\migrations\v1.5\2024_02_26_165656_create_system_crud_event_log_table.php"
"7","C:\Users\lyf07\OneDrive\Documents\Github Projects\Tuolijang\tuolijang-english\app\Http\Controller\AdminApi\Chat\ChatModelsController.php"
"7","C:\Users\lyf07\OneDrive\Documents\Github Projects\Tuolijang\tuolijang-english\database\migrations\v1.1\2023_06_05_104220_create_client_invoice_log_table.php"
"7","C:\Users\lyf07\OneDrive\Documents\Github Projects\Tuolijang\tuolijang-english\app\Http\Controller\AdminApi\Config\DictTypeController.php"
"7","C:\Users\lyf07\OneDrive\Documents\Github Projects\Tuolijang\tuolijang-english\app\Http\Controller\AdminApi\Customer\LiaisonController.php"
"7","C:\Users\lyf07\OneDrive\Documents\Github Projects\Tuolijang\tuolijang-english\app\Http\Service\CommonService.php"
"7","C:\Users\lyf07\OneDrive\Documents\Github Projects\Tuolijang\tuolijang-english\database\migrations\v1.8\2024_09_29_160736_create_openapi_rule_table.php"
"7","C:\Users\lyf07\OneDrive\Documents\Github Projects\Tuolijang\tuolijang-english\app\Http\Service\Cloud\CloudSpaceService.php"
"7","C:\Users\lyf07\OneDrive\Documents\Github Projects\Tuolijang\tuolijang-english\database\migrations\v1.2\2023_06_20_095241_create_promotion_data_table.php"
"7","C:\Users\lyf07\OneDrive\Documents\Github Projects\Tuolijang\tuolijang-english\app\Http\Controller\UniApi\Customer\CustomerController.php"
"7","C:\Users\lyf07\OneDrive\Documents\Github Projects\Tuolijang\tuolijang-english\app\Http\Controller\AdminApi\News\NewsCateController.php"
"7","C:\Users\lyf07\OneDrive\Documents\Github Projects\Tuolijang\tuolijang-english\app\Http\Controller\AdminApi\Customer\OpportunityController.php"
"7","C:\Users\lyf07\OneDrive\Documents\Github Projects\Tuolijang\tuolijang-english\app\Http\Controller\UniApi\Approve\ApproveApplyController.php"
"7","C:\Users\lyf07\OneDrive\Documents\Github Projects\Tuolijang\tuolijang-english\app\Http\Controller\AdminApi\Notice\NoticeRecordController.php"
"7","C:\Users\lyf07\OneDrive\Documents\Github Projects\Tuolijang\tuolijang-english\app\Constants\ProgramEnum\TaskStatusEnum.php"
"7","C:\Users\lyf07\OneDrive\Documents\Github Projects\Tuolijang\tuolijang-english\database\migrations\v2.1\2025_09_17_150616_create_customer_target_table.php"
"7","C:\Users\lyf07\OneDrive\Documents\Github Projects\Tuolijang\tuolijang-english\app\Http\Controller\UniApi\Customer\OrderController.php"
"7","C:\Users\lyf07\OneDrive\Documents\Github Projects\Tuolijang\tuolijang-english\app\Http\Service\Attendance\AttendanceApplyRecordService.php"
"7","C:\Users\lyf07\OneDrive\Documents\Github Projects\Tuolijang\tuolijang-english\app\Http\Controller\AdminApi\Config\QuickController.php"
"7","C:\Users\lyf07\OneDrive\Documents\Github Projects\Tuolijang\tuolijang-english\database\migrations\v1.1\2023_06_05_104220_create_approve_apply_table.php"
"7","C:\Users\lyf07\OneDrive\Documents\Github Projects\Tuolijang\tuolijang-english\app\Http\Controller\UniApi\Customer\LiaisonController.php"
"7","C:\Users\lyf07\OneDrive\Documents\Github Projects\Tuolijang\tuolijang-english\app\Http\Controller\UniApi\Customer\OpportunityController.php"
"7","C:\Users\lyf07\OneDrive\Documents\Github Projects\Tuolijang\tuolijang-english\app\Task\message\UserAssessAppealResRemind.php"
"6","C:\Users\lyf07\OneDrive\Documents\Github Projects\Tuolijang\tuolijang-english\database\migrations\v1.1\2023_06_05_104220_create_schedule_task_table.php"
"6","C:\Users\lyf07\OneDrive\Documents\Github Projects\Tuolijang\tuolijang-english\database\migrations\v1.4\2023_11_21_161326_update_client_invoice_table.php"
"6","C:\Users\lyf07\OneDrive\Documents\Github Projects\Tuolijang\tuolijang-english\database\migrations\v1.7\2024_05_14_105734_create_system_crud_dashboard_table.php"
"6","C:\Users\lyf07\OneDrive\Documents\Github Projects\Tuolijang\tuolijang-english\app\Http\Service\User\UserTokenService.php"
"6","C:\Users\lyf07\OneDrive\Documents\Github Projects\Tuolijang\tuolijang-english\database\migrations\v1.1\2023_06_05_104220_create_user_pending_table.php"
"6","C:\Users\lyf07\OneDrive\Documents\Github Projects\Tuolijang\tuolijang-english\database\migrations\v1.1\2023_06_05_104220_create_user_memorial_category_table.php"
"6","C:\Users\lyf07\OneDrive\Documents\Github Projects\Tuolijang\tuolijang-english\database\migrations\v1.2\2023_07_14_095358_create_attendance_arrange_record_table.php"
"6","C:\Users\lyf07\OneDrive\Documents\Github Projects\Tuolijang\tuolijang-english\database\migrations\v1.3\2023_10_10_094704_create_approve_holiday_type_table.php"
"6","C:\Users\lyf07\OneDrive\Documents\Github Projects\Tuolijang\tuolijang-english\database\migrations\v1.2\2023_09_28_153025_create_attendance_statistics_leave_table.php"
"6","C:\Users\lyf07\OneDrive\Documents\Github Projects\Tuolijang\tuolijang-english\database\migrations\v1.1\2023_06_05_104220_create_rank_table.php"
"6","C:\Users\lyf07\OneDrive\Documents\Github Projects\Tuolijang\tuolijang-english\database\migrations\v2.1\2025_09_17_150617_create_work_label_table.php"
"6","C:\Users\lyf07\OneDrive\Documents\Github Projects\Tuolijang\tuolijang-english\app\Task\message\CloudFileReadRemind.php"
"6","C:\Users\lyf07\OneDrive\Documents\Github Projects\Tuolijang\tuolijang-english\app\Task\message\CloudFileDeleteRemind.php"
"6","C:\Users\lyf07\OneDrive\Documents\Github Projects\Tuolijang\tuolijang-english\app\Listeners\wechat\WorkListener.php"
"6","C:\Users\lyf07\OneDrive\Documents\Github Projects\Tuolijang\tuolijang-english\database\migrations\v1.1\2023_06_05_104220_create_assess_space_table.php"
"6","C:\Users\lyf07\OneDrive\Documents\Github Projects\Tuolijang\tuolijang-english\database\migrations\v1.5\2024_02_28_100607_create_system_crud_table_user_table.php"
"6","C:\Users\lyf07\OneDrive\Documents\Github Projects\Tuolijang\tuolijang-english\app\Mcp\Tools\Invoice\InvoiceStatisticsTool.php"
"6","C:\Users\lyf07\OneDrive\Documents\Github Projects\Tuolijang\tuolijang-english\database\migrations\v1.7\2024_07_11_115311_update_folder_table.php"
"6","C:\Users\lyf07\OneDrive\Documents\Github Projects\Tuolijang\tuolijang-english\database\migrations\v2.1\2025_09_17_150617_create_work_client_follow_tags_table.php"
"6","C:\Users\lyf07\OneDrive\Documents\Github Projects\Tuolijang\tuolijang-english\app\Mcp\Tools\Traits\ResolvesPersonnelArguments.php"
"6","C:\Users\lyf07\OneDrive\Documents\Github Projects\Tuolijang\tuolijang-english\app\Mcp\Tools\Schedule\ScheduleDetailTool.php"
"6","C:\Users\lyf07\OneDrive\Documents\Github Projects\Tuolijang\tuolijang-english\app\Mcp\Tools\Personnel\PersonnelListTool.php"
"6","C:\Users\lyf07\OneDrive\Documents\Github Projects\Tuolijang\tuolijang-english\database\migrations\v1.4\2024_01_10_174432_create_customer_record.php"
"6","C:\Users\lyf07\OneDrive\Documents\Github Projects\Tuolijang\tuolijang-english\database\migrations\v1.1\2023_06_05_104220_create_enterprise_target_category_table.php"
"6","C:\Users\lyf07\OneDrive\Documents\Github Projects\Tuolijang\tuolijang-english\database\migrations\v1.4\2024_01_10_174432_create_customer_record_table.php"
"6","C:\Users\lyf07\OneDrive\Documents\Github Projects\Tuolijang\tuolijang-english\app\Http\Service\Work\WorkMemberService.php"
"6","C:\Users\lyf07\OneDrive\Documents\Github Projects\Tuolijang\tuolijang-english\database\migrations\v1.1\2023_06_05_104220_create_rank_job_table.php"
"6","C:\Users\lyf07\OneDrive\Documents\Github Projects\Tuolijang\tuolijang-english\database\migrations\v1.1\2023_06_05_104220_create_folder_share_table.php"
"6","C:\Users\lyf07\OneDrive\Documents\Github Projects\Tuolijang\tuolijang-english\database\migrations\v1.1\2023_06_05_104220_create_client_bill_log_table.php"
"6","C:\Users\lyf07\OneDrive\Documents\Github Projects\Tuolijang\tuolijang-english\database\migrations\v1.1\2023_06_05_104220_create_assist_table.php"
"6","C:\Users\lyf07\OneDrive\Documents\Github Projects\Tuolijang\tuolijang-english\database\migrations\v2.0\2025_02_28_162334_create_chat_history_table.php"
"6","C:\Users\lyf07\OneDrive\Documents\Github Projects\Tuolijang\tuolijang-english\database\migrations\v1.5\2024_03_18_155911_create_program_task_comment_table.php"
"6","C:\Users\lyf07\OneDrive\Documents\Github Projects\Tuolijang\tuolijang-english\database\migrations\v1.1\2023_06_05_104220_create_client_shift_table.php"
"6","C:\Users\lyf07\OneDrive\Documents\Github Projects\Tuolijang\tuolijang-english\database\migrations\v1.1\2023_06_05_104220_create_client_contract_subscribe_table.php"
"6","C:\Users\lyf07\OneDrive\Documents\Github Projects\Tuolijang\tuolijang-english\app\Http\Controller\AdminApi\WorkExternalContact\WorkReplyTempGroupController.php"
"6","C:\Users\lyf07\OneDrive\Documents\Github Projects\Tuolijang\tuolijang-english\app\Http\Controller\AdminApi\WorkExternalContact\WorkMassMessagingTempGroupController.php"
"6","C:\Users\lyf07\OneDrive\Documents\Github Projects\Tuolijang\tuolijang-english\app\Http\Controller\AdminApi\Company\CompanyEducationController.php"
"6","C:\Users\lyf07\OneDrive\Documents\Github Projects\Tuolijang\tuolijang-english\app\Http\Controller\UniApi\Customer\LeadController.php"
"6","C:\Users\lyf07\OneDrive\Documents\Github Projects\Tuolijang\tuolijang-english\app\Constants\ProgramEnum\TaskPriorityEnum.php"
"6","C:\Users\lyf07\OneDrive\Documents\Github Projects\Tuolijang\tuolijang-english\app\Http\Service\Chat\EmbeddingService.php"
"6","C:\Users\lyf07\OneDrive\Documents\Github Projects\Tuolijang\tuolijang-english\app\Http\Controller\AdminApi\Company\CompanyWorkController.php"
"6","C:\Users\lyf07\OneDrive\Documents\Github Projects\Tuolijang\tuolijang-english\app\Http\Controller\AdminApi\User\UserEducationHistoryController.php"
"6","C:\Users\lyf07\OneDrive\Documents\Github Projects\Tuolijang\tuolijang-english\app\Http\Controller\AdminApi\User\UserWorkHistoryController.php"
"6","C:\Users\lyf07\OneDrive\Documents\Github Projects\Tuolijang\tuolijang-english\app\Http\Controller\AdminApi\Company\CompanyPositionController.php"
"6","C:\Users\lyf07\OneDrive\Documents\Github Projects\Tuolijang\tuolijang-english\app\Http\Controller\AdminApi\Company\CompanySalaryController.php"
"6","C:\Users\lyf07\OneDrive\Documents\Github Projects\Tuolijang\tuolijang-english\app\Http\Service\Crud\SystemCrudQuestionnaireService.php"
"6","C:\Users\lyf07\OneDrive\Documents\Github Projects\Tuolijang\tuolijang-english\app\Http\Service\Customer\ResourceService.php"
"6","C:\Users\lyf07\OneDrive\Documents\Github Projects\Tuolijang\tuolijang-english\app\Http\Middleware\AuthCrud.php"
"6","C:\Users\lyf07\OneDrive\Documents\Github Projects\Tuolijang\tuolijang-english\app\Http\Requests\enterprise\approve\ApproveHolidayTypeRequest.php"
"6","C:\Users\lyf07\OneDrive\Documents\Github Projects\Tuolijang\tuolijang-english\app\Http\Requests\enterprise\user\EnterpriseUserEducationRequest.php"
"6","C:\Users\lyf07\OneDrive\Documents\Github Projects\Tuolijang\tuolijang-english\app\Http\Requests\enterprise\user\EnterpriseUserWorkRequest.php"
"6","C:\Users\lyf07\OneDrive\Documents\Github Projects\Tuolijang\tuolijang-english\app\Http\Service\Customer\RemindService.php"
"6","C:\Users\lyf07\OneDrive\Documents\Github Projects\Tuolijang\tuolijang-english\app\Http\Controller\AdminApi\Approve\ApproveController.php"
"6","C:\Users\lyf07\OneDrive\Documents\Github Projects\Tuolijang\tuolijang-english\app\Http\Controller\UniApi\Finance\BillController.php"
"6","C:\Users\lyf07\OneDrive\Documents\Github Projects\Tuolijang\tuolijang-english\app\Http\Controller\UniApi\Work\WorkReplyTempController.php"
"6","C:\Users\lyf07\OneDrive\Documents\Github Projects\Tuolijang\tuolijang-english\app\Http\Service\Assess\AssessTargetCateService.php"
"6","C:\Users\lyf07\OneDrive\Documents\Github Projects\Tuolijang\tuolijang-english\app\Http\Service\Attach\AttachService.php"
"6","C:\Users\lyf07\OneDrive\Documents\Github Projects\Tuolijang\tuolijang-english\app\Http\Service\Crud\SystemCrudDashboardService.php"
"6","C:\Users\lyf07\OneDrive\Documents\Github Projects\Tuolijang\tuolijang-english\app\Http\Controller\AdminApi\Finance\BillCategoryController.php"
"6","C:\Users\lyf07\OneDrive\Documents\Github Projects\Tuolijang\tuolijang-english\app\Http\Controller\AdminApi\Module\ApproveController.php"
"6","C:\Users\lyf07\OneDrive\Documents\Github Projects\Tuolijang\tuolijang-english\app\Http\Controller\AdminApi\Notepad\NotepadController.php"
"6","C:\Users\lyf07\OneDrive\Documents\Github Projects\Tuolijang\tuolijang-english\app\Http\Controller\AdminApi\News\NewsController.php"
"6","C:\Users\lyf07\OneDrive\Documents\Github Projects\Tuolijang\tuolijang-english\app\Http\Service\Rank\RankLevelService.php"
"6","C:\Users\lyf07\OneDrive\Documents\Github Projects\Tuolijang\tuolijang-english\app\Http\Controller\AdminApi\Config\QuickCateController.php"
"6","C:\Users\lyf07\OneDrive\Documents\Github Projects\Tuolijang\tuolijang-english\app\Http\Dao\WorkExternalContact\WorkMassMessagingTempDao.php"
"6","C:\Users\lyf07\OneDrive\Documents\Github Projects\Tuolijang\tuolijang-english\app\Http\Controller\AdminApi\Config\ViewSearchController.php"
"6","C:\Users\lyf07\OneDrive\Documents\Github Projects\Tuolijang\tuolijang-english\app\Http\Controller\AdminApi\Customer\OrderController.php"
"6","C:\Users\lyf07\OneDrive\Documents\Github Projects\Tuolijang\tuolijang-english\app\Http\Controller\AdminApi\Customer\LeadController.php"
"6","C:\Users\lyf07\OneDrive\Documents\Github Projects\Tuolijang\tuolijang-english\app\Http\Controller\AdminApi\Open\OpenBillController.php"
"6","C:\Users\lyf07\OneDrive\Documents\Github Projects\Tuolijang\tuolijang-english\app\Http\Controller\AdminApi\Position\PositionCateController.php"
"6","C:\Users\lyf07\OneDrive\Documents\Github Projects\Tuolijang\tuolijang-english\app\Http\Controller\AdminApi\Position\PositionController.php"
"6","C:\Users\lyf07\OneDrive\Documents\Github Projects\Tuolijang\tuolijang-english\app\Http\Controller\AdminApi\Position\PositionJobController.php"
"6","C:\Users\lyf07\OneDrive\Documents\Github Projects\Tuolijang\tuolijang-english\app\Http\Controller\AdminApi\System\ImportExportController.php"
"6","C:\Users\lyf07\OneDrive\Documents\Github Projects\Tuolijang\tuolijang-english\app\Http\Service\Position\PositionLevelService.php"
"5","C:\Users\lyf07\OneDrive\Documents\Github Projects\Tuolijang\tuolijang-english\database\migrations\v1.9\2024_12_06_151242_system_crud_share.php"
"5","C:\Users\lyf07\OneDrive\Documents\Github Projects\Tuolijang\tuolijang-english\app\Http\Service\Config\QuickCateService.php"
"5","C:\Users\lyf07\OneDrive\Documents\Github Projects\Tuolijang\tuolijang-english\database\migrations\v2.1\2025_09_17_150616_create_assess_compute_rule_table.php"
"5","C:\Users\lyf07\OneDrive\Documents\Github Projects\Tuolijang\tuolijang-english\app\Http\Controller\AdminApi\Assess\TargetCategoryController.php"
"5","C:\Users\lyf07\OneDrive\Documents\Github Projects\Tuolijang\tuolijang-english\app\Http\Requests\system\DIctTypeRequest.php"
"5","C:\Users\lyf07\OneDrive\Documents\Github Projects\Tuolijang\tuolijang-english\app\Http\Controller\AdminApi\Attendance\AttendanceGroupController.php"
"5","C:\Users\lyf07\OneDrive\Documents\Github Projects\Tuolijang\tuolijang-english\database\migrations\v1.1\2023_06_05_104220_create_client_label_back_table.php"
"5","C:\Users\lyf07\OneDrive\Documents\Github Projects\Tuolijang\tuolijang-english\app\Constants\Mcp\McpReportEnum.php"
"5","C:\Users\lyf07\OneDrive\Documents\Github Projects\Tuolijang\tuolijang-english\app\Http\Requests\enterprise\user\EnterpriseUserPositionRequest.php"
"5","C:\Users\lyf07\OneDrive\Documents\Github Projects\Tuolijang\tuolijang-english\app\Mcp\Tools\Personnel\OrgDepartmentUsersTool.php"
"5","C:\Users\lyf07\OneDrive\Documents\Github Projects\Tuolijang\tuolijang-english\app\Http\Requests\FrameRequest.php"
"5","C:\Users\lyf07\OneDrive\Documents\Github Projects\Tuolijang\tuolijang-english\database\migrations\v2.1\2025_09_17_150617_create_work_member_relation_table.php"
"5","C:\Users\lyf07\OneDrive\Documents\Github Projects\Tuolijang\tuolijang-english\app\Mcp\Tools\Opportunity\OpportunityListTool.php"
"5","C:\Users\lyf07\OneDrive\Documents\Github Projects\Tuolijang\tuolijang-english\app\Mcp\Tools\Order\OrderListTool.php"
"5","C:\Users\lyf07\OneDrive\Documents\Github Projects\Tuolijang\tuolijang-english\app\Http\Service\Attendance\Traits\AttendanceStatisticsCoreTrait.php"
"5","C:\Users\lyf07\OneDrive\Documents\Github Projects\Tuolijang\tuolijang-english\app\Exceptions\Mcp\McpException.php"
"5","C:\Users\lyf07\OneDrive\Documents\Github Projects\Tuolijang\tuolijang-english\app\Task\message\BusinessApprovalRemind.php"
"5","C:\Users\lyf07\OneDrive\Documents\Github Projects\Tuolijang\tuolijang-english\app\Task\message\BusinessRecallRemind.php"
"5","C:\Users\lyf07\OneDrive\Documents\Github Projects\Tuolijang\tuolijang-english\app\Task\message\UserAssessReleaseRemind.php"
"5","C:\Users\lyf07\OneDrive\Documents\Github Projects\Tuolijang\tuolijang-english\app\Http\Service\Config\SalesmanCustomService.php"
"5","C:\Users\lyf07\OneDrive\Documents\Github Projects\Tuolijang\tuolijang-english\database\migrations\v1.1\2023_06_05_104220_create_assess_compute_rule_table.php"
"5","C:\Users\lyf07\OneDrive\Documents\Github Projects\Tuolijang\tuolijang-english\database\migrations\v2.1\2025_09_17_150616_create_customer_product_attr_table.php"
"5","C:\Users\lyf07\OneDrive\Documents\Github Projects\Tuolijang\tuolijang-english\app\Http\Service\Attendance\AttendancePersonnelStatisticsService.php"
"5","C:\Users\lyf07\OneDrive\Documents\Github Projects\Tuolijang\tuolijang-english\app\Mcp\Tools\Lead\LeadListTool.php"
"5","C:\Users\lyf07\OneDrive\Documents\Github Projects\Tuolijang\tuolijang-english\app\Http\Controller\AdminApi\Assess\PlanController.php"
"5","C:\Users\lyf07\OneDrive\Documents\Github Projects\Tuolijang\tuolijang-english\database\migrations\v1.1\2023_06_05_104220_create_client_subscribe_table.php"
"5","C:\Users\lyf07\OneDrive\Documents\Github Projects\Tuolijang\tuolijang-english\app\Http\Controller\UniApi\Attendance\RosterCycleController.php"
"5","C:\Users\lyf07\OneDrive\Documents\Github Projects\Tuolijang\tuolijang-english\database\migrations\v1.1\2023_06_14_151656_create_folder_collaborate_table.php"
"5","C:\Users\lyf07\OneDrive\Documents\Github Projects\Tuolijang\tuolijang-english\database\migrations\v1.2\2023_06_30_180530_create_roster_cycle_shift_table.php"
"5","C:\Users\lyf07\OneDrive\Documents\Github Projects\Tuolijang\tuolijang-english\database\migrations\v1.2\2023_06_28_120522_create_roster_cycle_table.php"
"5","C:\Users\lyf07\OneDrive\Documents\Github Projects\Tuolijang\tuolijang-english\app\Http\Controller\UniApi\Customer\InvoiceController.php"
"5","C:\Users\lyf07\OneDrive\Documents\Github Projects\Tuolijang\tuolijang-english\database\migrations\v1.1\2023_06_05_104220_create_user_memorial_table.php"
"5","C:\Users\lyf07\OneDrive\Documents\Github Projects\Tuolijang\tuolijang-english\app\Http\Controller\UniApi\Notepad\NotepadController.php"
"5","C:\Users\lyf07\OneDrive\Documents\Github Projects\Tuolijang\tuolijang-english\database\migrations\v1.1\2023_06_05_104220_create_user_schedule_record_table.php"
"5","C:\Users\lyf07\OneDrive\Documents\Github Projects\Tuolijang\tuolijang-english\app\Http\Controller\UniApi\Forum\ArticleController.php"
"5","C:\Users\lyf07\OneDrive\Documents\Github Projects\Tuolijang\tuolijang-english\app\Http\Controller\AdminApi\Forum\ArticleController.php"
"5","C:\Users\lyf07\OneDrive\Documents\Github Projects\Tuolijang\tuolijang-english\database\migrations\v1.5\2024_03_07_105822_create_program_version_table.php"
"5","C:\Users\lyf07\OneDrive\Documents\Github Projects\Tuolijang\tuolijang-english\database\migrations\v1.7\2024_05_20_163334_create_folder_view_history_table.php"
"5","C:\Users\lyf07\OneDrive\Documents\Github Projects\Tuolijang\tuolijang-english\app\Http\Controller\AdminApi\Company\PromotionController.php"
"5","C:\Users\lyf07\OneDrive\Documents\Github Projects\Tuolijang\tuolijang-english\app\Http\Controller\AdminApi\Open\OpenLiaisonController.php"
"5","C:\Users\lyf07\OneDrive\Documents\Github Projects\Tuolijang\tuolijang-english\app\Http\Controller\AdminApi\User\UserMemorialCategoryController.php"
"5","C:\Users\lyf07\OneDrive\Documents\Github Projects\Tuolijang\tuolijang-english\app\Http\Controller\AdminApi\WorkExternalContact\WorkMassMessagingTempController.php"
"5","C:\Users\lyf07\OneDrive\Documents\Github Projects\Tuolijang\tuolijang-english\database\migrations\v2.0\2024_11_29_153227_create_system_crud_comment_table.php"
"5","C:\Users\lyf07\OneDrive\Documents\Github Projects\Tuolijang\tuolijang-english\database\migrations\v2.0\2024_12_06_151242_create_system_crud_share_table.php"
"5","C:\Users\lyf07\OneDrive\Documents\Github Projects\Tuolijang\tuolijang-english\database\migrations\v1.1\2023_06_05_104220_create_schedule_record_table.php"
"5","C:\Users\lyf07\OneDrive\Documents\Github Projects\Tuolijang\tuolijang-english\database\migrations\v1.1\2023_06_05_104220_create_enterprise_user_scope_table.php"
"5","C:\Users\lyf07\OneDrive\Documents\Github Projects\Tuolijang\tuolijang-english\database\migrations\v1.1\2023_06_05_104220_create_system_backup_table.php"
"5","C:\Users\lyf07\OneDrive\Documents\Github Projects\Tuolijang\tuolijang-english\database\migrations\v1.1\2023_06_05_104220_create_sub_table_table.php"
"5","C:\Users\lyf07\OneDrive\Documents\Github Projects\Tuolijang\tuolijang-english\database\migrations\v1.1\2023_06_05_104220_create_enterprise_target_table.php"
"5","C:\Users\lyf07\OneDrive\Documents\Github Projects\Tuolijang\tuolijang-english\database\migrations\v1.1\2023_06_05_104220_create_enterprise_file_change_table.php"
"5","C:\Users\lyf07\OneDrive\Documents\Github Projects\Tuolijang\tuolijang-english\database\migrations\v1.1\2023_06_05_104220_create_contract_resource_table.php"
"5","C:\Users\lyf07\OneDrive\Documents\Github Projects\Tuolijang\tuolijang-english\database\migrations\v1.1\2023_06_05_104220_create_enterprise_role_user_table.php"
"5","C:\Users\lyf07\OneDrive\Documents\Github Projects\Tuolijang\tuolijang-english\database\migrations\v1.1\2023_06_05_104220_create_enterprise_menus_table.php"
"5","C:\Users\lyf07\OneDrive\Documents\Github Projects\Tuolijang\tuolijang-english\app\Http\Dao\Customer\ProductAttrDao.php"
"5","C:\Users\lyf07\OneDrive\Documents\Github Projects\Tuolijang\tuolijang-english\database\migrations\v1.1\2023_06_05_104220_create_task_run_record_table.php"
"5","C:\Users\lyf07\OneDrive\Documents\Github Projects\Tuolijang\tuolijang-english\app\Http\Controller\AdminApi\Attendance\RosterCycleController.php"
"5","C:\Users\lyf07\OneDrive\Documents\Github Projects\Tuolijang\tuolijang-english\database\migrations\v1.1\2023_06_05_104220_create_user_change_table.php"
"5","C:\Users\lyf07\OneDrive\Documents\Github Projects\Tuolijang\tuolijang-english\database\migrations\v1.1\2023_06_05_104220_create_system_paytype_table.php"
"5","C:\Users\lyf07\OneDrive\Documents\Github Projects\Tuolijang\tuolijang-english\app\Http\Dao\WorkExternalContact\WorkReplyTempGroupDao.php"
"5","C:\Users\lyf07\OneDrive\Documents\Github Projects\Tuolijang\tuolijang-english\database\migrations\v1.1\2023_06_05_104220_create_system_group_data_table.php"
"5","C:\Users\lyf07\OneDrive\Documents\Github Projects\Tuolijang\tuolijang-english\database\migrations\v1.9\2024_11_29_153227_system_crud_comment.php"
"5","C:\Users\lyf07\OneDrive\Documents\Github Projects\Tuolijang\tuolijang-english\app\Http\Dao\WorkExternalContact\WorkMassMessagingTempGroupDao.php"
"5","C:\Users\lyf07\OneDrive\Documents\Github Projects\Tuolijang\tuolijang-english\app\Http\Service\WorkExternalContact\WorkReplyTempGroupService.php"
"5","C:\Users\lyf07\OneDrive\Documents\Github Projects\Tuolijang\tuolijang-english\app\Constants\Mcp\McpFinanceEnum.php"
"5","C:\Users\lyf07\OneDrive\Documents\Github Projects\Tuolijang\tuolijang-english\app\Http\Service\Notepad\NotepadService.php"
"5","C:\Users\lyf07\OneDrive\Documents\Github Projects\Tuolijang\tuolijang-english\app\Mcp\Tools\Customer\ListCustomersTool.php"
"5","C:\Users\lyf07\OneDrive\Documents\Github Projects\Tuolijang\tuolijang-english\database\migrations\v2.2\2025_12_01_101127_create_work_mass_messaging_temp_table.php"
"5","C:\Users\lyf07\OneDrive\Documents\Github Projects\Tuolijang\tuolijang-english\app\Mcp\Tools\Contact\ContactListTool.php"
"5","C:\Users\lyf07\OneDrive\Documents\Github Projects\Tuolijang\tuolijang-english\app\Http\Service\Position\PositionRelationService.php"
"5","C:\Users\lyf07\OneDrive\Documents\Github Projects\Tuolijang\tuolijang-english\app\Mcp\Tools\Bill\BillStatisticsTool.php"
"5","C:\Users\lyf07\OneDrive\Documents\Github Projects\Tuolijang\tuolijang-english\database\migrations\v2.2\2025_12_01_101127_create_work_reply_temp_group_table.php"
"5","C:\Users\lyf07\OneDrive\Documents\Github Projects\Tuolijang\tuolijang-english\app\Http\Service\WorkExternalContact\WorkMassMessagingTempGroupService.php"
"5","C:\Users\lyf07\OneDrive\Documents\Github Projects\Tuolijang\tuolijang-english\database\migrations\v2.2\2025_12_01_101127_create_work_mass_messaging_temp_group_table.php"
"5","C:\Users\lyf07\OneDrive\Documents\Github Projects\Tuolijang\tuolijang-english\database\migrations\v2.4\2025_05_20_000003_seed_default_mcp_service.php"
"5","C:\Users\lyf07\OneDrive\Documents\Github Projects\Tuolijang\tuolijang-english\app\Http\Service\Customer\LiaisonService.php"
"5","C:\Users\lyf07\OneDrive\Documents\Github Projects\Tuolijang\tuolijang-english\app\Constants\Mcp\McpAssessEnum.php"
"5","C:\Users\lyf07\OneDrive\Documents\Github Projects\Tuolijang\tuolijang-english\database\migrations\v1.1\2023_06_05_104220_create_client_category_table.php"
"5","C:\Users\lyf07\OneDrive\Documents\Github Projects\Tuolijang\tuolijang-english\app\Mcp\Tools\Attendance\AttendanceStatisticsTool.php"
"5","C:\Users\lyf07\OneDrive\Documents\Github Projects\Tuolijang\tuolijang-english\app\Http\Service\Rank\RankRelationService.php"
"4","C:\Users\lyf07\OneDrive\Documents\Github Projects\Tuolijang\tuolijang-english\app\Http\Requests\system\FolderShareRequest.php"
"4","C:\Users\lyf07\OneDrive\Documents\Github Projects\Tuolijang\tuolijang-english\app\Constants\Mcp\McpBillEnum.php"
"4","C:\Users\lyf07\OneDrive\Documents\Github Projects\Tuolijang\tuolijang-english\app\Mcp\Tools\Attendance\AttendanceApplyDetailTool.php"
"4","C:\Users\lyf07\OneDrive\Documents\Github Projects\Tuolijang\tuolijang-english\database\migrations\v1.1\2023_06_05_104220_create_agreement_table.php"
"4","C:\Users\lyf07\OneDrive\Documents\Github Projects\Tuolijang\tuolijang-english\app\Http\Requests\system\FormCateRequest.php"
"4","C:\Users\lyf07\OneDrive\Documents\Github Projects\Tuolijang\tuolijang-english\database\migrations\v1.4\2023_11_21_120234_create_form_cate_table.php"
"4","C:\Users\lyf07\OneDrive\Documents\Github Projects\Tuolijang\tuolijang-english\app\Http\Requests\WorkExternalContact\MassMessagingRequest.php"
"4","C:\Users\lyf07\OneDrive\Documents\Github Projects\Tuolijang\tuolijang-english\app\Listeners\socket\WebSocketEnt.php"
"4","C:\Users\lyf07\OneDrive\Documents\Github Projects\Tuolijang\tuolijang-english\app\Http\Controller\UniApi\Attendance\AttendanceGroupController.php"
"4","C:\Users\lyf07\OneDrive\Documents\Github Projects\Tuolijang\tuolijang-english\app\Http\Requests\system\DIctDataRequest.php"
"4","C:\Users\lyf07\OneDrive\Documents\Github Projects\Tuolijang\tuolijang-english\database\migrations\v1.2\2023_07_12_165501_create_attendance_arrange_table.php"
"4","C:\Users\lyf07\OneDrive\Documents\Github Projects\Tuolijang\tuolijang-english\app\Http\Service\Work\WorkClientService.php"
"4","C:\Users\lyf07\OneDrive\Documents\Github Projects\Tuolijang\tuolijang-english\app\Http\Service\Customer\ProductService.php"
"4","C:\Users\lyf07\OneDrive\Documents\Github Projects\Tuolijang\tuolijang-english\app\Http\Service\Approve\ApproveHolidayTypeService.php"
"4","C:\Users\lyf07\OneDrive\Documents\Github Projects\Tuolijang\tuolijang-english\app\Http\Controller\AdminApi\Company\CompanyPerfectController.php"
"4","C:\Users\lyf07\OneDrive\Documents\Github Projects\Tuolijang\tuolijang-english\app\Http\Requests\ViewSearchRequest.php"
"4","C:\Users\lyf07\OneDrive\Documents\Github Projects\Tuolijang\tuolijang-english\database\migrations\v1.2\2023_06_30_101330_create_attendance_group_member_table.php"
"4","C:\Users\lyf07\OneDrive\Documents\Github Projects\Tuolijang\tuolijang-english\database\migrations\v1.1\2023_06_05_104220_create_rank_level_table.php"
"4","C:\Users\lyf07\OneDrive\Documents\Github Projects\Tuolijang\tuolijang-english\database\migrations\v2.1\2025_09_17_150616_create_attendance_wifi_table.php"
"4","C:\Users\lyf07\OneDrive\Documents\Github Projects\Tuolijang\tuolijang-english\app\Http\Controller\AdminApi\Attendance\AttendanceClockController.php"
"4","C:\Users\lyf07\OneDrive\Documents\Github Projects\Tuolijang\tuolijang-english\database\migrations\v2.4\2026_06_04_235959_add_refresh_token_fields_to_user_token_table.php"
"4","C:\Users\lyf07\OneDrive\Documents\Github Projects\Tuolijang\tuolijang-english\app\Http\Controller\UniApi\Attendance\AttendanceShiftController.php"
"4","C:\Users\lyf07\OneDrive\Documents\Github Projects\Tuolijang\tuolijang-english\database\migrations\v1.1\2023_06_05_104220_create_enterprise_template_collect_table.php"
"4","C:\Users\lyf07\OneDrive\Documents\Github Projects\Tuolijang\tuolijang-english\app\Http\Requests\enterprise\attendance\AttendanceArrangeRequest.php"
"4","C:\Users\lyf07\OneDrive\Documents\Github Projects\Tuolijang\tuolijang-english\app\Http\Requests\enterprise\assess\TargetRequest.php"
"4","C:\Users\lyf07\OneDrive\Documents\Github Projects\Tuolijang\tuolijang-english\app\Http\Requests\enterprise\client\ContractResourceRequest.php"
"4","C:\Users\lyf07\OneDrive\Documents\Github Projects\Tuolijang\tuolijang-english\app\Http\Controller\UniApi\Customer\ResourceController.php"
"4","C:\Users\lyf07\OneDrive\Documents\Github Projects\Tuolijang\tuolijang-english\app\Jobs\WebhookJob.php"
"4","C:\Users\lyf07\OneDrive\Documents\Github Projects\Tuolijang\tuolijang-english\app\Http\Controller\UniApi\PublicController.php"
"4","C:\Users\lyf07\OneDrive\Documents\Github Projects\Tuolijang\tuolijang-english\app\Http\Requests\Crud\SystemCrudTableRequest.php"
"4","C:\Users\lyf07\OneDrive\Documents\Github Projects\Tuolijang\tuolijang-english\app\Http\Requests\Chat\ChatApplicationsRequest.php"
"4","C:\Users\lyf07\OneDrive\Documents\Github Projects\Tuolijang\tuolijang-english\app\Http\Requests\Chat\ChatMoldelsRequest.php"
"4","C:\Users\lyf07\OneDrive\Documents\Github Projects\Tuolijang\tuolijang-english\database\migrations\v1.1\2023_06_05_104220_create_schedule_user_table.php"
"4","C:\Users\lyf07\OneDrive\Documents\Github Projects\Tuolijang\tuolijang-english\database\migrations\v1.1\2023_06_05_104220_create_enterprise_user_job_analysis_table.php"
"4","C:\Users\lyf07\OneDrive\Documents\Github Projects\Tuolijang\tuolijang-english\database\migrations\v1.1\2023_06_05_104220_create_enterprise_user_role_table.php"
"4","C:\Users\lyf07\OneDrive\Documents\Github Projects\Tuolijang\tuolijang-english\app\Http\Requests\enterprise\approve\ApproveRequest.php"
"4","C:\Users\lyf07\OneDrive\Documents\Github Projects\Tuolijang\tuolijang-english\app\Http\Requests\enterprise\notice\NoticeRequest.php"
"4","C:\Users\lyf07\OneDrive\Documents\Github Projects\Tuolijang\tuolijang-english\database\migrations\v1.1\2023_06_05_104220_create_client_label_table.php"
"4","C:\Users\lyf07\OneDrive\Documents\Github Projects\Tuolijang\tuolijang-english\app\Constants\DailyEnum.php"
"4","C:\Users\lyf07\OneDrive\Documents\Github Projects\Tuolijang\tuolijang-english\app\Http\Requests\enterprise\user\EnterpriseUserDailyRequest.php"
"4","C:\Users\lyf07\OneDrive\Documents\Github Projects\Tuolijang\tuolijang-english\database\migrations\v1.1\2023_06_05_104220_create_rank_relation_table.php"
"4","C:\Users\lyf07\OneDrive\Documents\Github Projects\Tuolijang\tuolijang-english\database\migrations\v1.1\2023_06_05_104220_create_client_invoice_category_table.php"
"4","C:\Users\lyf07\OneDrive\Documents\Github Projects\Tuolijang\tuolijang-english\database\migrations\v1.2\2023_06_27_095717_update_system_menus_table.php"
"4","C:\Users\lyf07\OneDrive\Documents\Github Projects\Tuolijang\tuolijang-english\app\Http\Controller\UniApi\Customer\ConfigController.php"
"4","C:\Users\lyf07\OneDrive\Documents\Github Projects\Tuolijang\tuolijang-english\app\Http\Controller\UniApi\Customer\PaymentController.php"
"4","C:\Users\lyf07\OneDrive\Documents\Github Projects\Tuolijang\tuolijang-english\app\Http\Controller\UniApi\Customer\RemindController.php"
"4","C:\Users\lyf07\OneDrive\Documents\Github Projects\Tuolijang\tuolijang-english\app\Http\Controller\AdminApi\Attendance\AttendanceShiftController.php"
"4","C:\Users\lyf07\OneDrive\Documents\Github Projects\Tuolijang\tuolijang-english\database\migrations\v1.1\2023_06_05_104220_create_enterprise_file_folder_table.php"
"4","C:\Users\lyf07\OneDrive\Documents\Github Projects\Tuolijang\tuolijang-english\app\Http\Controller\UniApi\Customer\FollowUpController.php"
"4","C:\Users\lyf07\OneDrive\Documents\Github Projects\Tuolijang\tuolijang-english\database\migrations\v1.2\2023_06_19_160116_create_promotion_table.php"
"4","C:\Users\lyf07\OneDrive\Documents\Github Projects\Tuolijang\tuolijang-english\app\Http\Requests\enterprise\trait\HayGroupRequest.php"
"4","C:\Users\lyf07\OneDrive\Documents\Github Projects\Tuolijang\tuolijang-english\app\Constants\Mcp\McpContractEnum.php"
"4","C:\Users\lyf07\OneDrive\Documents\Github Projects\Tuolijang\tuolijang-english\app\Http\Service\Chat\ChatRecordService.php"
"4","C:\Users\lyf07\OneDrive\Documents\Github Projects\Tuolijang\tuolijang-english\app\Mcp\Tools\Traits\ResolvesPersonnelEmploymentStatus.php"
"4","C:\Users\lyf07\OneDrive\Documents\Github Projects\Tuolijang\tuolijang-english\app\Mcp\Tools\Traits\ResolvesTargetUserArguments.php"
"4","C:\Users\lyf07\OneDrive\Documents\Github Projects\Tuolijang\tuolijang-english\app\Mcp\Tools\Contract\ContractDetailTool.php"
"4","C:\Users\lyf07\OneDrive\Documents\Github Projects\Tuolijang\tuolijang-english\app\Mcp\Tools\Traits\FiltersPersonnelOutput.php"
"4","C:\Users\lyf07\OneDrive\Documents\Github Projects\Tuolijang\tuolijang-english\app\Constants\Mcp\McpOrderEnum.php"
"4","C:\Users\lyf07\OneDrive\Documents\Github Projects\Tuolijang\tuolijang-english\app\Http\Controller\AdminApi\Customer\RemindController.php"
"4","C:\Users\lyf07\OneDrive\Documents\Github Projects\Tuolijang\tuolijang-english\app\Http\Controller\AdminApi\Program\ProgramTaskCommentController.php"
"4","C:\Users\lyf07\OneDrive\Documents\Github Projects\Tuolijang\tuolijang-english\database\migrations\v2.1\2025_09_17_150617_create_folder_view_hitory_table.php"
"4","C:\Users\lyf07\OneDrive\Documents\Github Projects\Tuolijang\tuolijang-english\app\Http\Controller\AdminApi\Program\ProgramTaskController.php"
"4","C:\Users\lyf07\OneDrive\Documents\Github Projects\Tuolijang\tuolijang-english\app\Constants\ProgramEnum\ProgramStatusEnum.php"
"4","C:\Users\lyf07\OneDrive\Documents\Github Projects\Tuolijang\tuolijang-english\app\Http\Controller\AdminApi\Program\ProgramController.php"
"4","C:\Users\lyf07\OneDrive\Documents\Github Projects\Tuolijang\tuolijang-english\app\Http\Controller\AdminApi\Customer\FollowUpController.php"
"4","C:\Users\lyf07\OneDrive\Documents\Github Projects\Tuolijang\tuolijang-english\app\Mcp\Tools\Personnel\CheckDataPermissionTool.php"
"4","C:\Users\lyf07\OneDrive\Documents\Github Projects\Tuolijang\tuolijang-english\app\Http\Controller\AdminApi\Customer\ResourceController.php"
"4","C:\Users\lyf07\OneDrive\Documents\Github Projects\Tuolijang\tuolijang-english\app\Mcp\Tools\Personnel\PersonnelDetailTool.php"
"4","C:\Users\lyf07\OneDrive\Documents\Github Projects\Tuolijang\tuolijang-english\app\Constants\Mcp\McpInvoiceEnum.php"
"4","C:\Users\lyf07\OneDrive\Documents\Github Projects\Tuolijang\tuolijang-english\app\Http\Service\System\SystemCityService.php"
"4","C:\Users\lyf07\OneDrive\Documents\Github Projects\Tuolijang\tuolijang-english\app\Constants\Mcp\McpLeadEnum.php"
"4","C:\Users\lyf07\OneDrive\Documents\Github Projects\Tuolijang\tuolijang-english\app\Http\Controller\AdminApi\Company\PromotionDataController.php"
"4","C:\Users\lyf07\OneDrive\Documents\Github Projects\Tuolijang\tuolijang-english\app\Constants\Mcp\McpOpportunityEnum.php"
"4","C:\Users\lyf07\OneDrive\Documents\Github Projects\Tuolijang\tuolijang-english\app\Http\Controller\AdminApi\Module\CrudDashboardController.php"
"4","C:\Users\lyf07\OneDrive\Documents\Github Projects\Tuolijang\tuolijang-english\app\Mcp\Tools\Customer\GetCustomerTool.php"
"4","C:\Users\lyf07\OneDrive\Documents\Github Projects\Tuolijang\tuolijang-english\app\Http\Controller\AdminApi\Open\OpenContractController.php"
"4","C:\Users\lyf07\OneDrive\Documents\Github Projects\Tuolijang\tuolijang-english\database\migrations\v2.1\2025_09_17_150617_create_work_member_other_table.php"
"4","C:\Users\lyf07\OneDrive\Documents\Github Projects\Tuolijang\tuolijang-english\app\Mcp\Tools\Record\RecordDetailTool.php"
"4","C:\Users\lyf07\OneDrive\Documents\Github Projects\Tuolijang\tuolijang-english\app\Http\Controller\AdminApi\LoginController.php"
"4","C:\Users\lyf07\OneDrive\Documents\Github Projects\Tuolijang\tuolijang-english\app\Task\message\CloudFileCreateRemind.php"
"4","C:\Users\lyf07\OneDrive\Documents\Github Projects\Tuolijang\tuolijang-english\app\Http\Service\Chat\ChatAppMcpServiceService.php"
"4","C:\Users\lyf07\OneDrive\Documents\Github Projects\Tuolijang\tuolijang-english\app\Http\Service\Attendance\Traits\AttendanceStatisticsUpdateTrait.php"
"4","C:\Users\lyf07\OneDrive\Documents\Github Projects\Tuolijang\tuolijang-english\app\Task\message\BusinessFailRemind.php"
"4","C:\Users\lyf07\OneDrive\Documents\Github Projects\Tuolijang\tuolijang-english\app\Http\Service\Crud\SystemCrudCurlService.php"
"4","C:\Users\lyf07\OneDrive\Documents\Github Projects\Tuolijang\tuolijang-english\app\Http\Controller\AdminApi\Open\OpenCustomerController.php"
"4","C:\Users\lyf07\OneDrive\Documents\Github Projects\Tuolijang\tuolijang-english\database\migrations\v2.1\2025_09_17_150617_alter_openapi_key_table.php"
"4","C:\Users\lyf07\OneDrive\Documents\Github Projects\Tuolijang\tuolijang-english\app\Http\Requests\Customer\FollowUpRequest.php"
"4","C:\Users\lyf07\OneDrive\Documents\Github Projects\Tuolijang\tuolijang-english\app\Http\Service\Attendance\Traits\AttendanceStatisticsAbnormalTrait.php"
"4","C:\Users\lyf07\OneDrive\Documents\Github Projects\Tuolijang\tuolijang-english\app\Http\Service\User\UserScheduleRecordService.php"
"4","C:\Users\lyf07\OneDrive\Documents\Github Projects\Tuolijang\tuolijang-english\app\Http\Service\Other\ViewSearchService.php"
"4","C:\Users\lyf07\OneDrive\Documents\Github Projects\Tuolijang\tuolijang-english\database\migrations\v2.0\2024_12_10_091837_update_system_crud_role_table.php"
"4","C:\Users\lyf07\OneDrive\Documents\Github Projects\Tuolijang\tuolijang-english\app\Task\message\BusinessAdoptCcRemind.php"
"4","C:\Users\lyf07\OneDrive\Documents\Github Projects\Tuolijang\tuolijang-english\app\Task\message\BusinessAdoptApplyRemind.php"
"4","C:\Users\lyf07\OneDrive\Documents\Github Projects\Tuolijang\tuolijang-english\database\migrations\v1.9\2024_12_10_091837_update_system_crud_role_table.php"
"4","C:\Users\lyf07\OneDrive\Documents\Github Projects\Tuolijang\tuolijang-english\database\migrations\v2.1\2025_09_17_150617_alter_system_menus_table.php"
"4","C:\Users\lyf07\OneDrive\Documents\Github Projects\Tuolijang\tuolijang-english\app\Http\Service\Crud\SystemCrudFormService.php"
"4","C:\Users\lyf07\OneDrive\Documents\Github Projects\Tuolijang\tuolijang-english\app\Http\Controller\AdminApi\Company\HayGroupController.php"
"3","C:\Users\lyf07\OneDrive\Documents\Github Projects\Tuolijang\tuolijang-english\database\migrations\v1.7\2024_07_15_983456_update_system_crud_event_table.php"
"3","C:\Users\lyf07\OneDrive\Documents\Github Projects\Tuolijang\tuolijang-english\app\Http\Middleware\CheckEnterprise.php"
"3","C:\Users\lyf07\OneDrive\Documents\Github Projects\Tuolijang\tuolijang-english\app\Http\Middleware\AuthUser.php"
"3","C:\Users\lyf07\OneDrive\Documents\Github Projects\Tuolijang\tuolijang-english\app\Http\Controller\UniApi\User\WorkController.php"
"3","C:\Users\lyf07\OneDrive\Documents\Github Projects\Tuolijang\tuolijang-english\app\Http\Dao\Notepad\NotepadDao.php"
"3","C:\Users\lyf07\OneDrive\Documents\Github Projects\Tuolijang\tuolijang-english\database\migrations\v1.3\2023_10_16_161208_create_daily_report_member_table.php"
"3","C:\Users\lyf07\OneDrive\Documents\Github Projects\Tuolijang\tuolijang-english\app\Http\Dao\Work\WorkMessageIndexDao.php"
"3","C:\Users\lyf07\OneDrive\Documents\Github Projects\Tuolijang\tuolijang-english\database\migrations\v2.4\2026_04_10_000002_add_performance_indexes_to_work_reply_temp.php"
"3","C:\Users\lyf07\OneDrive\Documents\Github Projects\Tuolijang\tuolijang-english\database\migrations\v1.9\2024_11_29_143650_update_system_crud.php"
"3","C:\Users\lyf07\OneDrive\Documents\Github Projects\Tuolijang\tuolijang-english\app\Http\Model\Work\WorkMessageIndex.php"
"3","C:\Users\lyf07\OneDrive\Documents\Github Projects\Tuolijang\tuolijang-english\app\Http\Service\System\ModulePermissionService.php"
"3","C:\Users\lyf07\OneDrive\Documents\Github Projects\Tuolijang\tuolijang-english\app\Jobs\Attend\AttendTeamPushCronJob.php"
"3","C:\Users\lyf07\OneDrive\Documents\Github Projects\Tuolijang\tuolijang-english\database\migrations\v2.0\2025_03_04_115818_create_chat_app_auth_table.php"
"3","C:\Users\lyf07\OneDrive\Documents\Github Projects\Tuolijang\tuolijang-english\database\migrations\v1.1\2023_06_05_104220_create_message_subscribe_table.php"
"3","C:\Users\lyf07\OneDrive\Documents\Github Projects\Tuolijang\tuolijang-english\app\Http\Dao\User\UserMemorialDao.php"
"3","C:\Users\lyf07\OneDrive\Documents\Github Projects\Tuolijang\tuolijang-english\database\migrations\v2.1\2025_09_17_150616_alter_bill_list_table.php"
"3","C:\Users\lyf07\OneDrive\Documents\Github Projects\Tuolijang\tuolijang-english\app\Http\Controller\AdminApi\System\AgreementController.php"
"3","C:\Users\lyf07\OneDrive\Documents\Github Projects\Tuolijang\tuolijang-english\app\Http\Service\Package\UpgradeService.php"
"3","C:\Users\lyf07\OneDrive\Documents\Github Projects\Tuolijang\tuolijang-english\app\Http\Controller\AdminApi\Chat\ChatRecordController.php"
"3","C:\Users\lyf07\OneDrive\Documents\Github Projects\Tuolijang\tuolijang-english\app\Http\Controller\UniApi\Attendance\AttendanceArrangeController.php"
"3","C:\Users\lyf07\OneDrive\Documents\Github Projects\Tuolijang\tuolijang-english\database\migrations\v1.2\2023_06_30_114124_create_attendance_group_shift_table.php"
"3","C:\Users\lyf07\OneDrive\Documents\Github Projects\Tuolijang\tuolijang-english\database\migrations\v1.2\2023_07_01_142919_create_attendance_whitelist_table.php"
"3","C:\Users\lyf07\OneDrive\Documents\Github Projects\Tuolijang\tuolijang-english\database\migrations\v1.2\2023_08_08_170031_update_enterprise_role_table.php"
"3","C:\Users\lyf07\OneDrive\Documents\Github Projects\Tuolijang\tuolijang-english\database\migrations\v1.4\2023_11_28_144309_create_salesman_custom_field_table.php"
"3","C:\Users\lyf07\OneDrive\Documents\Github Projects\Tuolijang\tuolijang-english\app\Http\Controller\AdminApi\Work\WorkAuthController.php"
"3","C:\Users\lyf07\OneDrive\Documents\Github Projects\Tuolijang\tuolijang-english\app\Http\Controller\AdminApi\User\WorkController.php"
"3","C:\Users\lyf07\OneDrive\Documents\Github Projects\Tuolijang\tuolijang-english\app\Http\Controller\AdminApi\WorkExternalContact\WorkMediaController.php"
"3","C:\Users\lyf07\OneDrive\Documents\Github Projects\Tuolijang\tuolijang-english\app\Http\Service\Work\WorkGroupChatService.php"
"3","C:\Users\lyf07\OneDrive\Documents\Github Projects\Tuolijang\tuolijang-english\database\migrations\v1.4\2023_12_20_091623_update_assess_table.php"
"3","C:\Users\lyf07\OneDrive\Documents\Github Projects\Tuolijang\tuolijang-english\app\Http\Service\User\UserMemorialService.php"
"3","C:\Users\lyf07\OneDrive\Documents\Github Projects\Tuolijang\tuolijang-english\app\Http\Service\Rank\RankJobService.php"
"3","C:\Users\lyf07\OneDrive\Documents\Github Projects\Tuolijang\tuolijang-english\database\migrations\v2.0\2024_11_29_143650_update_system_crud.php"
"3","C:\Users\lyf07\OneDrive\Documents\Github Projects\Tuolijang\tuolijang-english\app\Http\Service\Message\MessageService.php"
"3","C:\Users\lyf07\OneDrive\Documents\Github Projects\Tuolijang\tuolijang-english\app\Http\Controller\UniApi\Notepad\NotepadCateController.php"
"3","C:\Users\lyf07\OneDrive\Documents\Github Projects\Tuolijang\tuolijang-english\app\Console\Commands\UpV16Command.php"
"3","C:\Users\lyf07\OneDrive\Documents\Github Projects\Tuolijang\tuolijang-english\app\Http\Service\ImportExport\RecordService.php"
"3","C:\Users\lyf07\OneDrive\Documents\Github Projects\Tuolijang\tuolijang-english\database\migrations\v1.2\2023_06_19_112417_create_employee_train_table.php"
"3","C:\Users\lyf07\OneDrive\Documents\Github Projects\Tuolijang\tuolijang-english\database\migrations\v1.2\2023_06_25_091611_create_hay_group_table.php"
"3","C:\Users\lyf07\OneDrive\Documents\Github Projects\Tuolijang\tuolijang-english\app\Http\Controller\AdminApi\Open\OpenInvoiceController.php"
"3","C:\Users\lyf07\OneDrive\Documents\Github Projects\Tuolijang\tuolijang-english\app\Http\Service\Position\PositionRankService.php"
"3","C:\Users\lyf07\OneDrive\Documents\Github Projects\Tuolijang\tuolijang-english\app\Http\Service\User\UserApplyService.php"
"3","C:\Users\lyf07\OneDrive\Documents\Github Projects\Tuolijang\tuolijang-english\database\migrations\v1.5\2024_02_28_100607_create_system_crud_cate_table.php"
"3","C:\Users\lyf07\OneDrive\Documents\Github Projects\Tuolijang\tuolijang-english\app\Http\Service\Other\TaskService.php"
"3","C:\Users\lyf07\OneDrive\Documents\Github Projects\Tuolijang\tuolijang-english\app\Mcp\Resolvers\McpTargetUserResolver.php"
"3","C:\Users\lyf07\OneDrive\Documents\Github Projects\Tuolijang\tuolijang-english\database\migrations\v1.1\2023_06_05_104220_create_assess_frame_table.php"
"3","C:\Users\lyf07\OneDrive\Documents\Github Projects\Tuolijang\tuolijang-english\app\Constants\Mcp\McpContactEnum.php"
"3","C:\Users\lyf07\OneDrive\Documents\Github Projects\Tuolijang\tuolijang-english\app\Http\Requests\system\SystemRoleRequest.php"
"3","C:\Users\lyf07\OneDrive\Documents\Github Projects\Tuolijang\tuolijang-english\app\Http\Controller\AdminApi\Attendance\AttendanceArrangeController.php"
"3","C:\Users\lyf07\OneDrive\Documents\Github Projects\Tuolijang\tuolijang-english\database\migrations\v2.1\2025_09_17_150617_alter_system_crud_field_table.php"
"3","C:\Users\lyf07\OneDrive\Documents\Github Projects\Tuolijang\tuolijang-english\app\Mcp\Tools\Bill\BillDetailTool.php"
"3","C:\Users\lyf07\OneDrive\Documents\Github Projects\Tuolijang\tuolijang-english\database\migrations\v2.1\2025_09_17_150617_alter_form_data_table.php"
"3","C:\Users\lyf07\OneDrive\Documents\Github Projects\Tuolijang\tuolijang-english\app\Http\Service\Config\SystemConfigCateService.php"
"3","C:\Users\lyf07\OneDrive\Documents\Github Projects\Tuolijang\tuolijang-english\database\migrations\v1.1\2023_06_05_104220_create_approve_reply_table.php"
"3","C:\Users\lyf07\OneDrive\Documents\Github Projects\Tuolijang\tuolijang-english\app\Jobs\Work\WorkPlatformToWorkLabelJob.php"
"3","C:\Users\lyf07\OneDrive\Documents\Github Projects\Tuolijang\tuolijang-english\app\Http\Requests\enterprise\trait\PromotionRequest.php"
"3","C:\Users\lyf07\OneDrive\Documents\Github Projects\Tuolijang\tuolijang-english\app\Jobs\Work\WorkMessageSaveCronJob.php"
"3","C:\Users\lyf07\OneDrive\Documents\Github Projects\Tuolijang\tuolijang-english\app\Http\Requests\enterprise\file\FileRequest.php"
"3","C:\Users\lyf07\OneDrive\Documents\Github Projects\Tuolijang\tuolijang-english\app\Http\Requests\enterprise\rank\RankRequest.php"
"3","C:\Users\lyf07\OneDrive\Documents\Github Projects\Tuolijang\tuolijang-english\app\Http\Requests\enterprise\UserEntRequest.php"
"3","C:\Users\lyf07\OneDrive\Documents\Github Projects\Tuolijang\tuolijang-english\database\migrations\v2.2\2025_12_03_175534_update_contract_table.php"
"3","C:\Users\lyf07\OneDrive\Documents\Github Projects\Tuolijang\tuolijang-english\app\Listeners\socket\WebSocketAdmin.php"
"3","C:\Users\lyf07\OneDrive\Documents\Github Projects\Tuolijang\tuolijang-english\database\migrations\v2.1\2025_09_17_150616_alter_customer_record_table.php"
"3","C:\Users\lyf07\OneDrive\Documents\Github Projects\Tuolijang\tuolijang-english\database\migrations\v1.1\2023_06_05_104220_create_client_labels_table.php"
"3","C:\Users\lyf07\OneDrive\Documents\Github Projects\Tuolijang\tuolijang-english\app\Mcp\Tools\Order\OrderStatisticsTool.php"
"3","C:\Users\lyf07\OneDrive\Documents\Github Projects\Tuolijang\tuolijang-english\app\Mcp\Tools\Order\OrderDetailTool.php"
"3","C:\Users\lyf07\OneDrive\Documents\Github Projects\Tuolijang\tuolijang-english\app\Mcp\Tools\Contract\ContractStatisticsTool.php"
"3","C:\Users\lyf07\OneDrive\Documents\Github Projects\Tuolijang\tuolijang-english\app\Mcp\Tools\Report\ReportDetailTool.php"
"3","C:\Users\lyf07\OneDrive\Documents\Github Projects\Tuolijang\tuolijang-english\app\Mcp\Tools\Personnel\PersonnelSearchTool.php"
"3","C:\Users\lyf07\OneDrive\Documents\Github Projects\Tuolijang\tuolijang-english\app\Mcp\Tools\Lead\LeadStatisticsTool.php"
"3","C:\Users\lyf07\OneDrive\Documents\Github Projects\Tuolijang\tuolijang-english\app\Mcp\Tools\Lead\LeadDetailTool.php"
"3","C:\Users\lyf07\OneDrive\Documents\Github Projects\Tuolijang\tuolijang-english\app\Mcp\Tools\Opportunity\OpportunityDetailTool.php"
"3","C:\Users\lyf07\OneDrive\Documents\Github Projects\Tuolijang\tuolijang-english\app\Mcp\Tools\Opportunity\OpportunityStatisticsTool.php"
"3","C:\Users\lyf07\OneDrive\Documents\Github Projects\Tuolijang\tuolijang-english\app\Mcp\Tools\Finance\FinanceDetailTool.php"
"3","C:\Users\lyf07\OneDrive\Documents\Github Projects\Tuolijang\tuolijang-english\app\Mcp\Tools\Contact\ContactDetailTool.php"
"3","C:\Users\lyf07\OneDrive\Documents\Github Projects\Tuolijang\tuolijang-english\app\Constants\Mcp\McpScheduleEnum.php"
"3","C:\Users\lyf07\OneDrive\Documents\Github Projects\Tuolijang\tuolijang-english\app\Constants\RuleEnum.php"
"3","C:\Users\lyf07\OneDrive\Documents\Github Projects\Tuolijang\tuolijang-english\database\migrations\v2.1\2025_09_17_150617_alter_system_crud_table.php"
"3","C:\Users\lyf07\OneDrive\Documents\Github Projects\Tuolijang\tuolijang-english\app\Task\crud\TriggerTrait.php"
"3","C:\Users\lyf07\OneDrive\Documents\Github Projects\Tuolijang\tuolijang-english\app\Http\Service\Cloud\CloudShareService.php"
"3","C:\Users\lyf07\OneDrive\Documents\Github Projects\Tuolijang\tuolijang-english\app\Http\Service\Company\CompanyApplyService.php"
"3","C:\Users\lyf07\OneDrive\Documents\Github Projects\Tuolijang\tuolijang-english\app\Http\Service\Cloud\CloudAuthService.php"
"3","C:\Users\lyf07\OneDrive\Documents\Github Projects\Tuolijang\tuolijang-english\app\Constants\Mcp\McpRecordEnum.php"
"3","C:\Users\lyf07\OneDrive\Documents\Github Projects\Tuolijang\tuolijang-english\app\Http\Service\Client\ClientInvoiceCategoryService.php"
"3","C:\Users\lyf07\OneDrive\Documents\Github Projects\Tuolijang\tuolijang-english\database\migrations\v2.1\2025_09_17_150616_alter_client_label_table.php"
"3","C:\Users\lyf07\OneDrive\Documents\Github Projects\Tuolijang\tuolijang-english\app\Http\Requests\enterprise\EnterpriseJobRequest.php"
"3","C:\Users\lyf07\OneDrive\Documents\Github Projects\Tuolijang\tuolijang-english\app\Http\Requests\enterprise\bill\PayTypeRequest.php"
"3","C:\Users\lyf07\OneDrive\Documents\Github Projects\Tuolijang\tuolijang-english\app\Mcp\Tools\Invoice\InvoiceDetailTool.php"
"3","C:\Users\lyf07\OneDrive\Documents\Github Projects\Tuolijang\tuolijang-english\app\Constants\CustomEnum\ProductEnum.php"
"3","C:\Users\lyf07\OneDrive\Documents\Github Projects\Tuolijang\tuolijang-english\database\migrations\v2.3\2025_12_24_091945_update_admin_table.php"
"3","C:\Users\lyf07\OneDrive\Documents\Github Projects\Tuolijang\tuolijang-english\app\Http\Requests\Crud\SystemCrudApproveRequest.php"
"3","C:\Users\lyf07\OneDrive\Documents\Github Projects\Tuolijang\tuolijang-english\app\Mcp\Tools\Assess\AssessDetailTool.php"
"3","C:\Users\lyf07\OneDrive\Documents\Github Projects\Tuolijang\tuolijang-english\database\migrations\v1.1\2023_06_05_104220_create_rank_category_table.php"
"3","C:\Users\lyf07\OneDrive\Documents\Github Projects\Tuolijang\tuolijang-english\app\Http\Requests\enterprise\assess\TemplateRequest.php"
"2","C:\Users\lyf07\OneDrive\Documents\Github Projects\Tuolijang\tuolijang-english\app\Jobs\Crud\CrudCronActionJob.php"
"2","C:\Users\lyf07\OneDrive\Documents\Github Projects\Tuolijang\tuolijang-english\app\Http\Service\Chat\ChatModelsService.php"
"2","C:\Users\lyf07\OneDrive\Documents\Github Projects\Tuolijang\tuolijang-english\app\Task\message\NewsRemind.php"
"2","C:\Users\lyf07\OneDrive\Documents\Github Projects\Tuolijang\tuolijang-english\app\Http\Service\Program\ProgramTaskCommentService.php"
"2","C:\Users\lyf07\OneDrive\Documents\Github Projects\Tuolijang\tuolijang-english\app\Http\Middleware\CheckVersion.php"
"2","C:\Users\lyf07\OneDrive\Documents\Github Projects\Tuolijang\tuolijang-english\database\migrations\v2.1\2025_09_17_150616_alter_attendance_group_table.php"
"2","C:\Users\lyf07\OneDrive\Documents\Github Projects\Tuolijang\tuolijang-english\database\migrations\v2.1\2025_09_17_150616_alter_attendance_clock_record_table.php"
"2","C:\Users\lyf07\OneDrive\Documents\Github Projects\Tuolijang\tuolijang-english\database\migrations\v1.5\2024_03_07_105011_create_program_member_table.php"
"2","C:\Users\lyf07\OneDrive\Documents\Github Projects\Tuolijang\tuolijang-english\app\Http\Requests\Customer\ProductRequest.php"
"2","C:\Users\lyf07\OneDrive\Documents\Github Projects\Tuolijang\tuolijang-english\app\Http\Controller\AdminApi\User\UserCardPerfectController.php"
"2","C:\Users\lyf07\OneDrive\Documents\Github Projects\Tuolijang\tuolijang-english\database\migrations\v2.4\2026_07_21_000001_expand_admin_phone_length.php"
"2","C:\Users\lyf07\OneDrive\Documents\Github Projects\Tuolijang\tuolijang-english\database\migrations\v2.1\2025_09_17_150617_alter_salesman_custom_field_table.php"
"2","C:\Users\lyf07\OneDrive\Documents\Github Projects\Tuolijang\tuolijang-english\app\Http\Requests\enterprise\approve\ApproveReplyRequest.php"
"2","C:\Users\lyf07\OneDrive\Documents\Github Projects\Tuolijang\tuolijang-english\database\migrations\v2.4\2025_05_20_000001_add_source_type_to_chat_applications.php"
"2","C:\Users\lyf07\OneDrive\Documents\Github Projects\Tuolijang\tuolijang-english\app\Task\customer\CustomerReturnRemindTask.php"
"2","C:\Users\lyf07\OneDrive\Documents\Github Projects\Tuolijang\tuolijang-english\app\Console\Commands\InstallCommand.php"
"2","C:\Users\lyf07\OneDrive\Documents\Github Projects\Tuolijang\tuolijang-english\database\migrations\v2.1\2025_09_17_150617_alter_system_crud_form_table.php"
"2","C:\Users\lyf07\OneDrive\Documents\Github Projects\Tuolijang\tuolijang-english\app\Http\Service\Train\HayGroupService.php"
"2","C:\Users\lyf07\OneDrive\Documents\Github Projects\Tuolijang\tuolijang-english\database\migrations\v1.9\2025_01_09_112044_update_message_template_table.php"
"2","C:\Users\lyf07\OneDrive\Documents\Github Projects\Tuolijang\tuolijang-english\database\migrations\v2.3\2026_01_13_165319_update_system_menus.php"
"2","C:\Users\lyf07\OneDrive\Documents\Github Projects\Tuolijang\tuolijang-english\database\migrations\v1.7\2024_06_19_114510_update_user_card_perfect_table.php"
"2","C:\Users\lyf07\OneDrive\Documents\Github Projects\Tuolijang\tuolijang-english\app\Http\Controller\AdminApi\Customer\PaymentController.php"
"2","C:\Users\lyf07\OneDrive\Documents\Github Projects\Tuolijang\tuolijang-english\database\migrations\v1.9\2025_01_09_112084_update_message_table.php"
"2","C:\Users\lyf07\OneDrive\Documents\Github Projects\Tuolijang\tuolijang-english\app\Http\Service\Crud\SystemCrudApproveProcessService.php"
"2","C:\Users\lyf07\OneDrive\Documents\Github Projects\Tuolijang\tuolijang-english\app\Http\Requests\Cloud\CloudSpaceRequest.php"
"2","C:\Users\lyf07\OneDrive\Documents\Github Projects\Tuolijang\tuolijang-english\app\Http\Controller\AdminApi\Config\ConfigController.php"
"2","C:\Users\lyf07\OneDrive\Documents\Github Projects\Tuolijang\tuolijang-english\app\Http\Controller\AdminApi\Config\ClientRuleController.php"
"2","C:\Users\lyf07\OneDrive\Documents\Github Projects\Tuolijang\tuolijang-english\app\Http\Requests\Crud\SystemCrudDashboardRequest.php"
"2","C:\Users\lyf07\OneDrive\Documents\Github Projects\Tuolijang\tuolijang-english\app\Http\Service\Todo\TodoItemService.php"
"2","C:\Users\lyf07\OneDrive\Documents\Github Projects\Tuolijang\tuolijang-english\app\Http\Service\Program\ProgramVersionService.php"
"2","C:\Users\lyf07\OneDrive\Documents\Github Projects\Tuolijang\tuolijang-english\app\Http\Service\Company\CompanyUserJobAnalysisService.php"
"2","C:\Users\lyf07\OneDrive\Documents\Github Projects\Tuolijang\tuolijang-english\app\Http\Requests\Customer\ProductCateRequest.php"
"2","C:\Users\lyf07\OneDrive\Documents\Github Projects\Tuolijang\tuolijang-english\database\migrations\v1.5\2024_03_11_170831_create_program_task_member_table.php"
"2","C:\Users\lyf07\OneDrive\Documents\Github Projects\Tuolijang\tuolijang-english\database\migrations\v2.2\2025_10_17_150548_alter_system_crud_table.php"
"2","C:\Users\lyf07\OneDrive\Documents\Github Projects\Tuolijang\tuolijang-english\app\Mcp\Tools\Personnel\OrgDepartmentDetailTool.php"
"2","C:\Users\lyf07\OneDrive\Documents\Github Projects\Tuolijang\tuolijang-english\app\Http\Controller\AdminApi\Customer\TargetController.php"
"2","C:\Users\lyf07\OneDrive\Documents\Github Projects\Tuolijang\tuolijang-english\database\migrations\v1.5\2024_04_11_105145_update_approve_apply_table.php"
"2","C:\Users\lyf07\OneDrive\Documents\Github Projects\Tuolijang\tuolijang-english\app\Http\Service\Config\AssessConfigService.php"
"2","C:\Users\lyf07\OneDrive\Documents\Github Projects\Tuolijang\tuolijang-english\app\Http\Controller\UniApi\Approve\ApproveReplyController.php"
"2","C:\Users\lyf07\OneDrive\Documents\Github Projects\Tuolijang\tuolijang-english\app\Http\Service\Work\WorkMessageService.php"
"2","C:\Users\lyf07\OneDrive\Documents\Github Projects\Tuolijang\tuolijang-english\app\Jobs\SystemRoleJob.php"
"2","C:\Users\lyf07\OneDrive\Documents\Github Projects\Tuolijang\tuolijang-english\database\migrations\v1.1\2023_06_05_104220_create_enterprise_user_daily_reply_table.php"
"2","C:\Users\lyf07\OneDrive\Documents\Github Projects\Tuolijang\tuolijang-english\app\Jobs\Attend\AttendPersonalPushCronJob.php"
"2","C:\Users\lyf07\OneDrive\Documents\Github Projects\Tuolijang\tuolijang-english\app\Jobs\Work\WorkWorkToPlatformLabelJob.php"
"2","C:\Users\lyf07\OneDrive\Documents\Github Projects\Tuolijang\tuolijang-english\app\Http\Service\News\NewsService.php"
"2","C:\Users\lyf07\OneDrive\Documents\Github Projects\Tuolijang\tuolijang-english\app\Http\Service\Notice\NoticeService.php"
"2","C:\Users\lyf07\OneDrive\Documents\Github Projects\Tuolijang\tuolijang-english\database\migrations\v1.1\2023_06_05_104220_create_assess_plan_user_table.php"
"2","C:\Users\lyf07\OneDrive\Documents\Github Projects\Tuolijang\tuolijang-english\app\Http\Requests\enterprise\bill\BillCategoryRequest.php"
"2","C:\Users\lyf07\OneDrive\Documents\Github Projects\Tuolijang\tuolijang-english\app\Http\Requests\system\EnterpriseFolderShareRequest.php"
"2","C:\Users\lyf07\OneDrive\Documents\Github Projects\Tuolijang\tuolijang-english\app\Http\Requests\system\SystemPaytypeRequest.php"
"2","C:\Users\lyf07\OneDrive\Documents\Github Projects\Tuolijang\tuolijang-english\database\migrations\v2.4\2026_04_20_000001_add_pass_ratio_to_approve_process_tables.php"
"2","C:\Users\lyf07\OneDrive\Documents\Github Projects\Tuolijang\tuolijang-english\app\Http\Service\WorkExternalContact\WorkMassMessagingResultService.php"
"2","C:\Users\lyf07\OneDrive\Documents\Github Projects\Tuolijang\tuolijang-english\app\Listeners\Notification\WeWorkNotificationListener.php"
"2","C:\Users\lyf07\OneDrive\Documents\Github Projects\Tuolijang\tuolijang-english\database\migrations\v1.1\2023_06_05_104220_create_assess_user_table.php"
"2","C:\Users\lyf07\OneDrive\Documents\Github Projects\Tuolijang\tuolijang-english\database\migrations\v1.2\2023_07_10_115154_create_calendar_config_table.php"
"2","C:\Users\lyf07\OneDrive\Documents\Github Projects\Tuolijang\tuolijang-english\app\Listeners\Notification\UniPushNotificationListener.php"
"2","C:\Users\lyf07\OneDrive\Documents\Github Projects\Tuolijang\tuolijang-english\app\Http\Service\WorkExternalContact\UrlMetadataService.php"
"2","C:\Users\lyf07\OneDrive\Documents\Github Projects\Tuolijang\tuolijang-english\app\Http\Requests\enterprise\assess\TargetCategoryRequest.php"
"2","C:\Users\lyf07\OneDrive\Documents\Github Projects\Tuolijang\tuolijang-english\database\migrations\v1.1\2023_06_05_104220_create_enterprise_notice_visit_table.php"
"2","C:\Users\lyf07\OneDrive\Documents\Github Projects\Tuolijang\tuolijang-english\database\migrations\v1.3\2023_10_10_180714_update_attendance_statistics_leave_table.php"
"2","C:\Users\lyf07\OneDrive\Documents\Github Projects\Tuolijang\tuolijang-english\app\Jobs\Client\ClueReturnRemindJob.php"
"2","C:\Users\lyf07\OneDrive\Documents\Github Projects\Tuolijang\tuolijang-english\app\Jobs\Work\CustomerLabelToWorkJob.php"
"2","C:\Users\lyf07\OneDrive\Documents\Github Projects\Tuolijang\tuolijang-english\app\Http\Service\Attendance\CalendarConfigService.php"
"2","C:\Users\lyf07\OneDrive\Documents\Github Projects\Tuolijang\tuolijang-english\app\Http\Requests\enterprise\file\FileFolderRequest.php"
"2","C:\Users\lyf07\OneDrive\Documents\Github Projects\Tuolijang\tuolijang-english\app\Http\Service\Attendance\RosterCycleService.php"
"2","C:\Users\lyf07\OneDrive\Documents\Github Projects\Tuolijang\tuolijang-english\database\migrations\v1.1\2023_06_05_104220_create_enterprise_file_permissions_table.php"
"2","C:\Users\lyf07\OneDrive\Documents\Github Projects\Tuolijang\tuolijang-english\app\Jobs\Attend\AttendDailyTaskCronJob.php"
"2","C:\Users\lyf07\OneDrive\Documents\Github Projects\Tuolijang\tuolijang-english\database\migrations\v2.4\2026_05_08_100001_add_test_fields_to_assess_plan.php"
"2","C:\Users\lyf07\OneDrive\Documents\Github Projects\Tuolijang\tuolijang-english\database\migrations\v1.3\2023_10_12_174727_update_attendance_statistics_table.php"
"2","C:\Users\lyf07\OneDrive\Documents\Github Projects\Tuolijang\tuolijang-english\database\migrations\v2.0\2025_01_09_112084_update_message_table.php"
"2","C:\Users\lyf07\OneDrive\Documents\Github Projects\Tuolijang\tuolijang-english\database\migrations\v2.4\2026_04_28_100000_change_attendance_statistics_shift_data_to_text.php"
"2","C:\Users\lyf07\OneDrive\Documents\Github Projects\Tuolijang\tuolijang-english\app\Http\Controller\AdminApi\Approve\ApproveReplyController.php"
"2","C:\Users\lyf07\OneDrive\Documents\Github Projects\Tuolijang\tuolijang-english\database\migrations\v2.0\2025_01_09_112044_update_message_template_table.php"
"1","C:\Users\lyf07\OneDrive\Documents\Github Projects\Tuolijang\tuolijang-english\database\migrations\v2.4\2026_04_22_000001_add_odds_no_to_customer_odds_table.php"
"1","C:\Users\lyf07\OneDrive\Documents\Github Projects\Tuolijang\tuolijang-english\database\migrations\v2.4\2026_06_08_000001_add_mcp_key_to_admin_table.php"
"1","C:\Users\lyf07\OneDrive\Documents\Github Projects\Tuolijang\tuolijang-english\database\migrations\v1.9\2024_12_10_100101_update_bill_list_table.php"
"1","C:\Users\lyf07\OneDrive\Documents\Github Projects\Tuolijang\tuolijang-english\database\migrations\v2.1\2025_09_17_150616_alter_client_subscribe_table.php"
"1","C:\Users\lyf07\OneDrive\Documents\Github Projects\Tuolijang\tuolijang-english\resources\views\install\step5.blade.php"
"1","C:\Users\lyf07\OneDrive\Documents\Github Projects\Tuolijang\tuolijang-english\resources\views\install\step4.blade.php"
"1","C:\Users\lyf07\OneDrive\Documents\Github Projects\Tuolijang\tuolijang-english\app\Exceptions\Handler.php"
"1","C:\Users\lyf07\OneDrive\Documents\Github Projects\Tuolijang\tuolijang-english\database\migrations\v2.3\2026_03_25_100001_add_cid_to_customer_odds_table.php"
"1","C:\Users\lyf07\OneDrive\Documents\Github Projects\Tuolijang\tuolijang-english\app\Http\Controller\AdminApi\Assess\ConfigController.php"
"1","C:\Users\lyf07\OneDrive\Documents\Github Projects\Tuolijang\tuolijang-english\database\migrations\v2.3\2026_01_13_172230_update_system_crud_cate.php"
"1","C:\Users\lyf07\OneDrive\Documents\Github Projects\Tuolijang\tuolijang-english\app\Constants\CustomEnum\LiaisonEnum.php"
"1","C:\Users\lyf07\OneDrive\Documents\Github Projects\Tuolijang\tuolijang-english\database\migrations\v2.1\2025_09_17_150617_alter_rank_table.php"
"1","C:\Users\lyf07\OneDrive\Documents\Github Projects\Tuolijang\tuolijang-english\database\migrations\v2.0\2024_12_10_100101_update_bill_list_table.php"
"1","C:\Users\lyf07\OneDrive\Documents\Github Projects\Tuolijang\tuolijang-english\database\migrations\v2.1\2025_09_17_150617_alter_form_cate_table.php"
"1","C:\Users\lyf07\OneDrive\Documents\Github Projects\Tuolijang\tuolijang-english\database\migrations\v2.4\2026_04_09_000002_migrate_role_data_level_to_module_permissions.php"
"1","C:\Users\lyf07\OneDrive\Documents\Github Projects\Tuolijang\tuolijang-english\database\migrations\v2.0\2024_11_26_114028_update_dict_data_table.php"
"1","C:\Users\lyf07\OneDrive\Documents\Github Projects\Tuolijang\tuolijang-english\database\migrations\v2.1\2025_09_17_150616_alter_client_labels_table.php"
"1","C:\Users\lyf07\OneDrive\Documents\Github Projects\Tuolijang\tuolijang-english\database\migrations\v2.1\2025_09_17_150616_alter_client_follow_table.php"
"1","C:\Users\lyf07\OneDrive\Documents\Github Projects\Tuolijang\tuolijang-english\database\migrations\v2.1\2025_09_17_150616_alter_admin_table.php"
"1","C:\Users\lyf07\OneDrive\Documents\Github Projects\Tuolijang\tuolijang-english\app\Console\Commands\InitCommand.php"
"1","C:\Users\lyf07\OneDrive\Documents\Github Projects\Tuolijang\tuolijang-english\database\migrations\v2.1\2025_09_17_150616_alter_attendance_group_member_table.php"
"1","C:\Users\lyf07\OneDrive\Documents\Github Projects\Tuolijang\tuolijang-english\resources\views\install\step3.blade.php"
"1","C:\Users\lyf07\OneDrive\Documents\Github Projects\Tuolijang\tuolijang-english\resources\views\install\step2.blade.php"
"1","C:\Users\lyf07\OneDrive\Documents\Github Projects\Tuolijang\tuolijang-english\app\Mcp\Tools\Personnel\OrgTreeTool.php"
"1","C:\Users\lyf07\OneDrive\Documents\Github Projects\Tuolijang\tuolijang-english\app\Mcp\Tools\Personnel\OrgDepartmentListTool.php"
"1","C:\Users\lyf07\OneDrive\Documents\Github Projects\Tuolijang\tuolijang-english\app\Mcp\Tools\Personnel\MySubordinatesTool.php"
"1","C:\Users\lyf07\OneDrive\Documents\Github Projects\Tuolijang\tuolijang-english\app\Mcp\Tools\Personnel\WhoAmITool.php"
"1","C:\Users\lyf07\OneDrive\Documents\Github Projects\Tuolijang\tuolijang-english\app\Mcp\Tools\Personnel\PersonnelStatsOverviewTool.php"
"1","C:\Users\lyf07\OneDrive\Documents\Github Projects\Tuolijang\tuolijang-english\app\Mcp\Tools\Personnel\PersonnelStatsDepartmentDistributionTool.php"
"1","C:\Users\lyf07\OneDrive\Documents\Github Projects\Tuolijang\tuolijang-english\app\Http\Service\Crud\SystemCrudEventLogService.php"
"1","C:\Users\lyf07\OneDrive\Documents\Github Projects\Tuolijang\tuolijang-english\app\Mcp\Guards\McpDataPermissionGuard.php"
"1","C:\Users\lyf07\OneDrive\Documents\Github Projects\Tuolijang\tuolijang-english\app\Mcp\ExternalMcpClient.php"
"1","C:\Users\lyf07\OneDrive\Documents\Github Projects\Tuolijang\tuolijang-english\app\Mail\ClientInvoice.php"
"1","C:\Users\lyf07\OneDrive\Documents\Github Projects\Tuolijang\tuolijang-english\app\Http\Service\Crud\SystemCrudRoleService.php"
"1","C:\Users\lyf07\OneDrive\Documents\Github Projects\Tuolijang\tuolijang-english\app\Http\Service\Customer\FileService.php"
"1","C:\Users\lyf07\OneDrive\Documents\Github Projects\Tuolijang\tuolijang-english\app\Http\Service\Customer\ProductAssistService.php"
"1","C:\Users\lyf07\OneDrive\Documents\Github Projects\Tuolijang\tuolijang-english\app\Task\crud\TriggerTask.php"
"1","C:\Users\lyf07\OneDrive\Documents\Github Projects\Tuolijang\tuolijang-english\app\Task\crud\CrudEventTask.php"
"1","C:\Users\lyf07\OneDrive\Documents\Github Projects\Tuolijang\tuolijang-english\app\Task\approve\ApproveRevokeTask.php"
"1","C:\Users\lyf07\OneDrive\Documents\Github Projects\Tuolijang\tuolijang-english\app\Task\export\ImportTask.php"
"1","C:\Users\lyf07\OneDrive\Documents\Github Projects\Tuolijang\tuolijang-english\app\Task\export\ExportTask.php"
"1","C:\Users\lyf07\OneDrive\Documents\Github Projects\Tuolijang\tuolijang-english\app\Task\customer\BillListRecordTask.php"
"1","C:\Users\lyf07\OneDrive\Documents\Github Projects\Tuolijang\tuolijang-english\app\Task\approve\ApproveRejectTask.php"
"1","C:\Users\lyf07\OneDrive\Documents\Github Projects\Tuolijang\tuolijang-english\app\Observers\WorkClientObserver.php"
"1","C:\Users\lyf07\OneDrive\Documents\Github Projects\Tuolijang\tuolijang-english\app\Observers\AdminObserver.php"
"1","C:\Users\lyf07\OneDrive\Documents\Github Projects\Tuolijang\tuolijang-english\app\Mcp\Tools\Traits\InteractsWithService.php"
"1","C:\Users\lyf07\OneDrive\Documents\Github Projects\Tuolijang\tuolijang-english\app\Task\approve\ApprovedTask.php"
"1","C:\Users\lyf07\OneDrive\Documents\Github Projects\Tuolijang\tuolijang-english\app\Task\approve\ApplySavedTask.php"
"1","C:\Users\lyf07\OneDrive\Documents\Github Projects\Tuolijang\tuolijang-english\app\Providers\RouteServiceProvider.php"
"1","C:\Users\lyf07\OneDrive\Documents\Github Projects\Tuolijang\tuolijang-english\app\Listeners\UserQuitListener.php"
"1","C:\Users\lyf07\OneDrive\Documents\Github Projects\Tuolijang\tuolijang-english\app\Http\Service\Work\WorkDepartmentService.php"
"1","C:\Users\lyf07\OneDrive\Documents\Github Projects\Tuolijang\tuolijang-english\app\Http\Service\Notice\NoticeSubscribeService.php"
"1","C:\Users\lyf07\OneDrive\Documents\Github Projects\Tuolijang\tuolijang-english\app\Http\Service\Other\UploadService.php"
"1","C:\Users\lyf07\OneDrive\Documents\Github Projects\Tuolijang\tuolijang-english\app\Jobs\Attend\AttendShiftRemindCronJob.php"
"1","C:\Users\lyf07\OneDrive\Documents\Github Projects\Tuolijang\tuolijang-english\app\Jobs\Attend\AttendCalcApplyRecordCronJob.php"
"1","C:\Users\lyf07\OneDrive\Documents\Github Projects\Tuolijang\tuolijang-english\app\Jobs\Attend\AttendanceImportJob.php"
"1","C:\Users\lyf07\OneDrive\Documents\Github Projects\Tuolijang\tuolijang-english\app\Http\Service\User\UserSalaryService.php"
"1","C:\Users\lyf07\OneDrive\Documents\Github Projects\Tuolijang\tuolijang-english\app\Http\Service\Train\EmployeeTrainService.php"
"1","C:\Users\lyf07\OneDrive\Documents\Github Projects\Tuolijang\tuolijang-english\app\Http\Service\System\RoleUserService.php"
"1","C:\Users\lyf07\OneDrive\Documents\Github Projects\Tuolijang\tuolijang-english\app\Http\Service\Report\ReportReplyService.php"
"1","C:\Users\lyf07\OneDrive\Documents\Github Projects\Tuolijang\tuolijang-english\app\Http\Service\User\UserResumeService.php"
"1","C:\Users\lyf07\OneDrive\Documents\Github Projects\Tuolijang\tuolijang-english\app\Http\Service\User\UserCardPerfectService.php"
"1","C:\Users\lyf07\OneDrive\Documents\Github Projects\Tuolijang\tuolijang-english\app\Http\Service\Train\PromotionDataService.php"
"1","C:\Users\lyf07\OneDrive\Documents\Github Projects\Tuolijang\tuolijang-english\app\Jobs\Crud\CrudEventJob.php"
"1","C:\Users\lyf07\OneDrive\Documents\Github Projects\Tuolijang\tuolijang-english\app\Jobs\Crud\CrudEventCronJob.php"
"1","C:\Users\lyf07\OneDrive\Documents\Github Projects\Tuolijang\tuolijang-english\app\Jobs\Config\SignStaffJob.php"
"1","C:\Users\lyf07\OneDrive\Documents\Github Projects\Tuolijang\tuolijang-english\app\Http\Service\Frame\FrameAssistService.php"
"1","C:\Users\lyf07\OneDrive\Documents\Github Projects\Tuolijang\tuolijang-english\app\Listeners\Notification\EmailNotificationListener.php"
"1","C:\Users\lyf07\OneDrive\Documents\Github Projects\Tuolijang\tuolijang-english\app\Jobs\Crud\CrudEventRunGetDataJob.php"
"1","C:\Users\lyf07\OneDrive\Documents\Github Projects\Tuolijang\tuolijang-english\app\Jobs\Client\CustomerReturnJob.php"
"1","C:\Users\lyf07\OneDrive\Documents\Github Projects\Tuolijang\tuolijang-english\app\Jobs\Client\ClueReturnCycleJob.php"
"1","C:\Users\lyf07\OneDrive\Documents\Github Projects\Tuolijang\tuolijang-english\app\Jobs\Client\ClueFollowRemindJob.php"
"1","C:\Users\lyf07\OneDrive\Documents\Github Projects\Tuolijang\tuolijang-english\app\Jobs\Attend\AttendStatisticsCronJob.php"
"1","C:\Users\lyf07\OneDrive\Documents\Github Projects\Tuolijang\tuolijang-english\app\Jobs\Client\CustomerFollowJob.php"
"1","C:\Users\lyf07\OneDrive\Documents\Github Projects\Tuolijang\tuolijang-english\app\Jobs\Client\ContractStatusJob.php"
"1","C:\Users\lyf07\OneDrive\Documents\Github Projects\Tuolijang\tuolijang-english\app\Jobs\Client\ClueReturnStatusJob.php"
"1","C:\Users\lyf07\OneDrive\Documents\Github Projects\Tuolijang\tuolijang-english\app\Http\Service\Attendance\Traits\AttendanceStatisticsPersonTrait.php"
"1","C:\Users\lyf07\OneDrive\Documents\Github Projects\Tuolijang\tuolijang-english\database\migrations\v1.3\2023_11_09_103811_update_assess_target_table.php"
"1","C:\Users\lyf07\OneDrive\Documents\Github Projects\Tuolijang\tuolijang-english\database\migrations\v1.3\2023_10_10_170831_update_attendance_apply_record_table.php"
"1","C:\Users\lyf07\OneDrive\Documents\Github Projects\Tuolijang\tuolijang-english\app\Http\Controller\AdminApi\Work\WorkClientController.php"
"1","C:\Users\lyf07\OneDrive\Documents\Github Projects\Tuolijang\tuolijang-english\database\migrations\v1.4\2023_12_25_101254_update_approve_form_table.php"
"1","C:\Users\lyf07\OneDrive\Documents\Github Projects\Tuolijang\tuolijang-english\database\migrations\v1.4\2023_11_21_161326_update_assess_target_table.php"
"1","C:\Users\lyf07\OneDrive\Documents\Github Projects\Tuolijang\tuolijang-english\database\migrations\v1.4\2023_11_21_161316_update_assess_space_table.php"
"1","C:\Users\lyf07\OneDrive\Documents\Github Projects\Tuolijang\tuolijang-english\app\Http\Controller\AdminApi\Work\WorkConfigController.php"
"1","C:\Users\lyf07\OneDrive\Documents\Github Projects\Tuolijang\tuolijang-english\app\Http\Controller\UniApi\Attach\AttachController.php"
"1","C:\Users\lyf07\OneDrive\Documents\Github Projects\Tuolijang\tuolijang-english\app\Http\Controller\UniApi\User\UserController.php"
"1","C:\Users\lyf07\OneDrive\Documents\Github Projects\Tuolijang\tuolijang-english\app\Http\Controller\UniApi\WorkController.php"
"1","C:\Users\lyf07\OneDrive\Documents\Github Projects\Tuolijang\tuolijang-english\app\Http\Controller\AdminApi\Work\WorkDepartmentController.php"
"1","C:\Users\lyf07\OneDrive\Documents\Github Projects\Tuolijang\tuolijang-english\app\Http\Controller\Mcp\McpRequest.php"
"1","C:\Users\lyf07\OneDrive\Documents\Github Projects\Tuolijang\tuolijang-english\database\migrations\v1.2\2023_07_24_015017_update_approve_table.php"
"1","C:\Users\lyf07\OneDrive\Documents\Github Projects\Tuolijang\tuolijang-english\database\migrations\v1.8\2024_09_13_171432_update_promotion_data_table.php"
"1","C:\Users\lyf07\OneDrive\Documents\Github Projects\Tuolijang\tuolijang-english\database\migrations\v1.7\2024_08_20_983456_update_system_crud_field_table.php"
"1","C:\Users\lyf07\OneDrive\Documents\Github Projects\Tuolijang\tuolijang-english\database\migrations\v1.7\2024_07_11_1674872_update_frame_table.php"
"1","C:\Users\lyf07\OneDrive\Documents\Github Projects\Tuolijang\tuolijang-english\app\Http\Controller\AdminApi\Config\FormController.php"
"1","C:\Users\lyf07\OneDrive\Documents\Github Projects\Tuolijang\tuolijang-english\database\migrations\v1.9\2024_11_26_114028_update_dict_data_table.php"
"1","C:\Users\lyf07\OneDrive\Documents\Github Projects\Tuolijang\tuolijang-english\app\Http\Controller\AdminApi\Customer\FileController.php"
"1","C:\Users\lyf07\OneDrive\Documents\Github Projects\Tuolijang\tuolijang-english\database\migrations\v1.7\2024_06_15_162706_update_system_config_table.php"
"1","C:\Users\lyf07\OneDrive\Documents\Github Projects\Tuolijang\tuolijang-english\database\migrations\v1.5\2024_04_01_091529_update_approve_holiday_type_table.php"
"1","C:\Users\lyf07\OneDrive\Documents\Github Projects\Tuolijang\tuolijang-english\database\migrations\v1.4\2023_12_27_095544_update_client_follow_table.php"
"1","C:\Users\lyf07\OneDrive\Documents\Github Projects\Tuolijang\tuolijang-english\database\migrations\v1.4\2023_12_25_101256_update_approve_content_table.php"
"1","C:\Users\lyf07\OneDrive\Documents\Github Projects\Tuolijang\tuolijang-english\database\migrations\v1.7\2024_06_03_123456_update_system_menus_table.php"
"1","C:\Users\lyf07\OneDrive\Documents\Github Projects\Tuolijang\tuolijang-english\database\migrations\v1.5\2024_05_09_120947_update_system_menus_table.php"
"1","C:\Users\lyf07\OneDrive\Documents\Github Projects\Tuolijang\tuolijang-english\database\migrations\v1.5\2024_04_09_101121_update_frame_table.php"
"1","C:\Users\lyf07\OneDrive\Documents\Github Projects\Tuolijang\tuolijang-english\app\Http\Dao\Attendance\AttendanceGroupMemberDao.php"
"1","C:\Users\lyf07\OneDrive\Documents\Github Projects\Tuolijang\tuolijang-english\app\Http\Requests\WorkExternalContact\ReplyTempRequest.php"
"1","C:\Users\lyf07\OneDrive\Documents\Github Projects\Tuolijang\tuolijang-english\app\Http\Service\Approve\ApproveProcessService.php"
"1","C:\Users\lyf07\OneDrive\Documents\Github Projects\Tuolijang\tuolijang-english\app\Http\Service\Approve\ApproveReplyService.php"
"1","C:\Users\lyf07\OneDrive\Documents\Github Projects\Tuolijang\tuolijang-english\app\Http\Requests\user\UserMemorialRequest.php"
"1","C:\Users\lyf07\OneDrive\Documents\Github Projects\Tuolijang\tuolijang-english\app\Http\Requests\WorkExternalContact\GroupRequest.php"
"1","C:\Users\lyf07\OneDrive\Documents\Github Projects\Tuolijang\tuolijang-english\app\Http\Requests\WorkExternalContact\MassTempRequest.php"
"1","C:\Users\lyf07\OneDrive\Documents\Github Projects\Tuolijang\tuolijang-english\app\Http\Service\Assess\AssessScoreService.php"
"1","C:\Users\lyf07\OneDrive\Documents\Github Projects\Tuolijang\tuolijang-english\app\Http\Service\Attendance\Traits\AttendanceStatisticsClockTrait.php"
"1","C:\Users\lyf07\OneDrive\Documents\Github Projects\Tuolijang\tuolijang-english\app\Task\message\SmsMessageTask.php"
"1","C:\Users\lyf07\OneDrive\Documents\Github Projects\Tuolijang\tuolijang-english\app\Task\message\MessageSendTask.php"
"1","C:\Users\lyf07\OneDrive\Documents\Github Projects\Tuolijang\tuolijang-english\app\Http\Service\Attendance\AttendanceStatisticsService.php"
"1","C:\Users\lyf07\OneDrive\Documents\Github Projects\Tuolijang\tuolijang-english\config\silder_captcha.php"
"1","C:\Users\lyf07\OneDrive\Documents\Github Projects\Tuolijang\tuolijang-english\config\crmeb.php"
"1","C:\Users\lyf07\OneDrive\Documents\Github Projects\Tuolijang\tuolijang-english\app\Http\Middleware\ModuleSwitchMiddleware.php"
"1","C:\Users\lyf07\OneDrive\Documents\Github Projects\Tuolijang\tuolijang-english\app\Http\Requests\category\CategoryRequest.php"
"1","C:\Users\lyf07\OneDrive\Documents\Github Projects\Tuolijang\tuolijang-english\app\Http\Service\System\LogService.php"
"1","C:\Users\lyf07\OneDrive\Documents\Github Projects\Tuolijang\tuolijang-english\app\Http\Middleware\CheckRuleAdmin.php"
"1","C:\Users\lyf07\OneDrive\Documents\Github Projects\Tuolijang\tuolijang-english\app\Http\Middleware\FilterStrings.php"
"1","C:\Users\lyf07\OneDrive\Documents\Github Projects\Tuolijang\tuolijang-english\app\Http\Middleware\LogEnterprise.php"
"1","C:\Users\lyf07\OneDrive\Documents\Github Projects\Tuolijang\tuolijang-english\app\Http\Requests\Customer\LabelRequest.php"
"1","C:\Users\lyf07\OneDrive\Documents\Github Projects\Tuolijang\tuolijang-english\app\Http\Requests\enterprise\user\EnterpriseUserJobAnalysisRequest.php"
"1","C:\Users\lyf07\OneDrive\Documents\Github Projects\Tuolijang\tuolijang-english\app\Http\Requests\system\SystemAgreementRequest.php"
"1","C:\Users\lyf07\OneDrive\Documents\Github Projects\Tuolijang\tuolijang-english\app\Http\Requests\user\UserMemorialCategoryRequest.php"
"1","C:\Users\lyf07\OneDrive\Documents\Github Projects\Tuolijang\tuolijang-english\app\Http\Requests\enterprise\EntFrameRequest.php"
"1","C:\Users\lyf07\OneDrive\Documents\Github Projects\Tuolijang\tuolijang-english\app\Http\Requests\enterprise\rank\RankCategoryRequest.php"
"1","C:\Users\lyf07\OneDrive\Documents\Github Projects\Tuolijang\tuolijang-english\app\Http\Requests\enterprise\user\EnterpriseUserDailyReplyRequest.php"
